date,tavg,tmin,tmax,prcp,snow,wdir,wspd,wpgt,pres,tsun
2023-01-01 00:00:00,12.8,8.6,15.9,0.3,0,,13,36.7,1014.1,0
2023-01-02 00:00:00,11.8,7.7,14.7,0.2,0,,13.3,50.4,1015.6,0
2023-01-03 00:00:00,6.8,4.3,8.5,1.2,0,,10.8,34.6,1026.6,204
2023-01-04 00:00:00,9.1,6.7,12.5,5.8,0,,25.2,67.7,1013.9,0
2023-01-05 00:00:00,8.6,6.8,10.4,4.1,0,,19.4,55.4,1015.7,0
2023-01-06 00:00:00,8.9,6.4,11,0.3,0,,12.6,37.8,1017.1,78
2023-01-07 00:00:00,9.6,7.5,11.9,0,0,,11.9,35.6,1013.6,114
2023-01-08 00:00:00,9.3,5.7,10.4,7.9,0,,13,33.5,1002.9,48
2023-01-09 00:00:00,6.8,5.7,8.9,2.1,0,,12.6,36.4,999.4,138
2023-01-10 00:00:00,6.2,5.1,7.5,0.8,0,,15.1,50.8,1015,12
2023-01-11 00:00:00,7.9,6.3,9.6,5.2,0,,18,47.9,1009.8,0
2023-01-12 00:00:00,8.7,6.9,10.1,5.8,0,,21.6,61.2,1006,0
2023-01-13 00:00:00,8.5,6.8,10.5,0.3,0,,21.6,57.2,1005.3,42
2023-01-14 00:00:00,7.7,5.8,10.1,9,0,,20.9,56.2,1006.3,0
2023-01-15 00:00:00,6.5,5,9.6,0,0,,24.1,69.8,998.3,72
2023-01-16 00:00:00,5,3.1,7,1.7,0,,16.9,42.8,988.5,126
2023-01-17 00:00:00,2,-2.4,4.2,0.8,0,,15.8,65.9,985.6,240
2023-01-18 00:00:00,-1.4,-4.1,1.8,0,0,,6.5,38.2,996,126
2023-01-19 00:00:00,0.6,-1.1,2.1,0.1,0,,15.1,39.2,1004,72
2023-01-20 00:00:00,-0.7,-3.9,2.9,0,0,,6.1,20.2,1017,336
2023-01-21 00:00:00,-0.1,-3.9,2.2,3.8,0,,12.2,40.3,1029.3,24
2023-01-22 00:00:00,0.6,0.2,1.1,1.3,40,,11.5,34.6,1031.2,0
2023-01-23 00:00:00,1.1,0.7,1.5,0,10,,10.4,20.9,1037.8,0
2023-01-24 00:00:00,0.8,0.2,1.2,0,0,,9.7,21.2,1039.9,0
2023-01-25 00:00:00,-0.7,-1.8,0.7,0,0,,8.6,22.7,1032.3,0
2023-01-26 00:00:00,-1,-2.5,1,1.5,0,,7.2,18.4,1023.1,0
2023-01-27 00:00:00,2.1,-0.4,3.2,0.2,0,,14.4,40,1026,0
2023-01-28 00:00:00,-0.4,-2.3,0.9,0,0,,7.2,19.1,1029.5,102
2023-01-29 00:00:00,0.4,-1.5,2.3,1.3,0,,16.6,45.7,1024.1,0
2023-01-30 00:00:00,5,2.3,6.9,0.6,0,,28.8,73.4,1011.7,126
2023-01-31 00:00:00,4.9,3.1,6.7,1,0,,23.8,66.6,1016.7,6
2023-02-01 00:00:00,4.8,2.6,6.8,5.2,0,,25.6,65.5,1012.4,12
2023-02-02 00:00:00,5,3,7.1,7,0,,18,61.2,1019.4,36
2023-02-03 00:00:00,7.5,4.6,9.1,1.7,0,,29.9,66.2,1018.8,0
2023-02-04 00:00:00,1.8,-1.5,5.2,0,0,,7.2,36.4,1036.1,354
2023-02-05 00:00:00,0.4,-1.7,3.5,0,0,,7.9,23.4,1037.3,144
2023-02-06 00:00:00,0.7,-2,2.8,0,0,,9.4,22.7,1041,54
2023-02-07 00:00:00,-1.4,-4.5,3.2,0,0,,7.2,17.6,1041.9,534
2023-02-08 00:00:00,-1.8,-5.9,4.7,0,0,,9.4,32.8,1039.2,528
2023-02-09 00:00:00,-0.6,-5.8,3,0,0,,11.2,29.9,1032.7,432
2023-02-10 00:00:00,3.2,2,5.6,0,0,,14.4,34.6,1034.5,198
2023-02-11 00:00:00,6.6,5.1,7.9,0.8,0,,19.1,42.1,1031.4,0
2023-02-12 00:00:00,7.3,6.3,8.6,0,0,,9.4,24.5,1038,0
2023-02-13 00:00:00,6.1,0.9,7.9,0,0,,7.2,21.6,1037.9,0
2023-02-14 00:00:00,2.5,-0.7,9.8,0,0,,7.2,23.8,1034.8,360
2023-02-15 00:00:00,3.6,-2.4,9.3,0,0,,9,28.1,1026.9,534
2023-02-16 00:00:00,5.5,1.4,8.3,0,0,,14.8,34.9,1022.6,222
2023-02-17 00:00:00,9.8,7.1,13.3,0.8,0,,24.5,68,1015.5,12
2023-02-18 00:00:00,8.9,6.3,11.1,11.7,0,,20.5,63.4,1015.2,0
2023-02-19 00:00:00,5.2,2.4,8.7,0.2,0,,11.9,37.8,1020.2,270
2023-02-20 00:00:00,7.4,5.3,8.9,1.8,0,,24.1,60.5,1017.8,36
2023-02-21 00:00:00,9.1,6.9,11,0.1,0,,17.6,47.5,1016.5,6
2023-02-22 00:00:00,9,4.7,13.9,0,0,,11.9,33.1,1013.9,402
2023-02-23 00:00:00,6.9,3.7,8.7,3.5,0,,10.1,31.7,1013,0
2023-02-24 00:00:00,3.1,1.6,4.3,3.1,0,,18.4,47.5,1004.4,0
2023-02-25 00:00:00,1.9,-1.9,3.9,0.3,0,,22,49.3,1006.3,36
2023-02-26 00:00:00,0.3,-3.5,3.9,0,0,,13,36,1022.4,498
2023-02-27 00:00:00,-0.3,-4.6,4.2,0,0,,5.8,24.5,1029.9,222
2023-02-28 00:00:00,0.5,-3.3,5.1,0,0,,6.8,29.9,1031.9,564
2023-03-01 00:00:00,0.1,-5.6,6.4,0,0,,5.8,24.1,1029.3,618
2023-03-02 00:00:00,-0.6,-2.8,1.6,0,0,,9.7,23,1025.6,0
2023-03-03 00:00:00,1.1,-0.9,3.6,0,0,,8.6,26.6,1024.4,6
2023-03-04 00:00:00,4.1,2.1,6.4,0.5,0,,20.2,47.5,1019.8,30
2023-03-05 00:00:00,3.1,1.5,5,0.3,0,,16.6,37.8,1012.9,18
2023-03-06 00:00:00,1.4,-0.9,3.5,2.1,0,,8.6,29.2,1004,120
2023-03-07 00:00:00,1.4,-0.4,2.7,3.3,0,,17.3,44.6,996,0
2023-03-08 00:00:00,0.5,-1.4,2.6,3.9,0,,9.4,24.1,997,0
2023-03-09 00:00:00,0.5,-0.3,1.7,10.1,50,,9.7,24.5,996.3,0
2023-03-10 00:00:00,1.8,0,3.5,12.6,0,,13.7,58.7,989.2,0
2023-03-11 00:00:00,0.5,-1,3.4,0,50,,18.4,47.5,1007.5,372
2023-03-12 00:00:00,2.3,-2.2,7.7,4.2,20,,12.2,31.3,1009.5,0
2023-03-13 00:00:00,11.8,7.7,17.5,0.7,0,,19.4,54.4,996.6,114
2023-03-14 00:00:00,7.7,0.9,12.5,3.8,0,,19.8,63.7,995.4,78
2023-03-15 00:00:00,2.9,-0.4,7.7,0,0,,15.5,48.2,1015.7,414
2023-03-16 00:00:00,4.4,-2,9.6,0,0,,15.1,40.3,1019,468
2023-03-17 00:00:00,9.8,2,16.7,0.1,0,,10.4,35.3,1010.4,420
2023-03-18 00:00:00,12.4,8.7,17.1,1.6,0,,9,32.8,1011.3,252
2023-03-19 00:00:00,11.8,8.2,17,3.6,0,,9.4,29.5,1014.3,246
2023-03-20 00:00:00,9.3,7.1,11.8,0.6,0,,13.3,34.6,1017.7,24
2023-03-21 00:00:00,9.2,6.8,12,1.9,0,,11.2,30,1014.5,6
2023-03-22 00:00:00,11.8,8.3,14.8,0.9,0,,14,45.7,1008.2,210
2023-03-23 00:00:00,12,9,16.5,0.5,0,,15.5,54.7,1004.6,96
2023-03-24 00:00:00,11.8,6.8,15.4,2.7,0,,16.9,61.9,1001.5,240
2023-03-25 00:00:00,9.2,7.4,12.1,2.2,0,,19.8,53.3,1002.3,96
2023-03-26 00:00:00,7.6,3.6,10.2,0,0,,14,40.3,1004,36
2023-03-27 00:00:00,2.6,0.4,6,2.2,0,,18.7,54.4,1015.7,384
2023-03-28 00:00:00,4.3,1,8.4,0,0,,14,42.5,1023.2,210
2023-03-29 00:00:00,7.8,4,11.9,1,0,,10.4,32,1015.1,30
2023-03-30 00:00:00,12.3,7.6,17.1,2.5,0,,16.2,49.3,1005.8,132
2023-03-31 00:00:00,10.5,9.3,12.3,7.2,0,,10.4,33.5,998.3,24
2023-04-01 00:00:00,8.6,3.2,12.1,7,0,,14.8,48.2,1000.6,12
2023-04-02 00:00:00,3.9,0,8,0,0,,19.4,38.2,1022.8,174
2023-04-03 00:00:00,2.1,-2.3,7.1,0,0,,14,41,1032.4,534
2023-04-04 00:00:00,1.9,-3.5,6.8,0,0,,5.8,24.1,1029,612
2023-04-05 00:00:00,3,-2.2,8.7,0,0,,3.6,19.8,1023.5,318
2023-04-06 00:00:00,6.9,-0.7,13.3,0,0,,13.7,35.3,1018.8,738
2023-04-07 00:00:00,7.2,1,12.4,0.3,0,,16.2,36,1019.3,660
2023-04-08 00:00:00,5.3,2.8,7.4,0,0,,9,19.8,1025.5,0
2023-04-09 00:00:00,7.1,2,13.6,0,0,,5.8,24.8,1026.7,306
2023-04-10 00:00:00,12.1,4.2,18.2,2.9,0,,15.1,57.6,1018.9,540
2023-04-11 00:00:00,7.8,3.2,12.7,7.6,0,,15.1,64.1,1010.5,264
2023-04-12 00:00:00,7.1,3.2,11.4,8.3,0,,15.4,45.4,1002.5,30
2023-04-13 00:00:00,8.9,3.8,13.4,0,0,,13,51.8,1003.9,432
2023-04-14 00:00:00,7.4,3.4,12.4,3.9,0,,7.9,37.4,1009.8,90
2023-04-15 00:00:00,8.5,6.2,11.5,2,0,,11.9,27.4,1010.7,0
2023-04-16 00:00:00,8.9,6.9,12,2.5,0,,11.2,29.9,1020.7,0
2023-04-17 00:00:00,9.3,5.9,14.6,0.1,0,,14.4,43.6,1025.9,372
2023-04-18 00:00:00,8.8,5.6,12.1,0,0,,17.3,37.4,1028.7,48
2023-04-19 00:00:00,8,2.3,13.2,1.4,0,,22.7,52.2,1025.8,660
2023-04-20 00:00:00,7.2,4.4,10.8,0,0,,16.2,38.2,1020.2,132
2023-04-21 00:00:00,14,7.6,20.1,0,0,,20.9,59.8,1015.4,804
2023-04-22 00:00:00,16.9,9.6,23.5,1.9,0,,14.8,42.1,1008.9,588
2023-04-23 00:00:00,14.2,11.2,18.3,0.1,0,,9,36.4,1005.8,318
2023-04-24 00:00:00,10.4,7.3,14,0.3,0,,16.9,51.1,1003.6,114
2023-04-25 00:00:00,6.8,3,9.3,0,0,,18.4,46.8,1011.2,186
2023-04-26 00:00:00,5.9,1.4,9.9,0,0,,12.6,35.6,1017.7,222
2023-04-27 00:00:00,7.7,3.1,12,0,0,,7.2,25.9,1020.5,528
2023-04-28 00:00:00,10.5,6.3,13.5,1,0,,14,34.6,1013,63
2023-04-29 00:00:00,11.3,5.3,14.6,0,0,,15.5,34.2,1016.1,97
2023-04-30 00:00:00,8.6,2,14.7,0,0,,6.8,20.2,1023.4,776
2023-05-01 00:00:00,12.6,2,19.6,0.1,0,,8.3,25.2,1016,481
2023-05-02 00:00:00,9.6,4,12.5,0.2,0,,14.8,38.9,1022.9,90
2023-05-03 00:00:00,8,0.7,14.3,0,0,,5.8,23.4,1028.5,600
2023-05-04 00:00:00,11.6,2.8,18.6,0,0,,9.4,31.7,1022.5,494
2023-05-05 00:00:00,13.5,7.5,19.1,4.4,0,,9.7,24.1,1017.2,296
2023-05-06 00:00:00,12.6,9,17.7,0,0,,12.2,31.3,1018.2,197
2023-05-07 00:00:00,10.4,8.1,13.5,0,0,,19.1,39.6,1022.3,215
2023-05-08 00:00:00,13.1,6.5,18.5,0,0,,19.8,45.7,1023.4,700
2023-05-09 00:00:00,14.7,8.4,21.3,0,0,,21.3,46.3,1014.9,626
2023-05-10 00:00:00,13.1,10.3,16.9,2.6,0,,8.4,31.5,1009.9,50
2023-05-11 00:00:00,13.9,10.2,17.9,6,0,,4.6,16,1014.3,15
2023-05-12 00:00:00,15.9,10.1,21.9,0,0,,11.2,37.8,1018.3,552
2023-05-13 00:00:00,15.5,8.6,21.3,0,0,,11.2,39.6,1020.4,798
2023-05-14 00:00:00,14.4,6.6,20.4,0,0,,6.8,28.4,1017.2,474
2023-05-15 00:00:00,14.2,7.3,20.5,1.3,0,,10.4,39.2,1011.2,222
2023-05-16 00:00:00,10.8,7.1,14.9,0,0,,19.1,42.8,1017.4,474
2023-05-17 00:00:00,9.2,3.9,13.9,0,0,,14.4,41.8,1024.9,546
2023-05-18 00:00:00,9,1.1,15.1,0,0,,6.5,29.5,1028.4,714
2023-05-19 00:00:00,13,6,18.2,0,0,,10.3,35,1026.2,360
2023-05-20 00:00:00,13.7,9.9,17.8,0,0,,12.2,33.3,1023.4,146
2023-05-21 00:00:00,18.5,10.3,26.2,0,0,,10.8,35.2,1017.2,439
2023-05-22 00:00:00,20.1,15.2,26.7,6.5,0,,12.3,31.5,1014,513
2023-05-23 00:00:00,12.6,7,15.8,1.2,0,,15.7,44.5,1016.8,74
2023-05-24 00:00:00,10.4,6.4,13.9,0,0,,11.3,27.8,1022.4,83
2023-05-25 00:00:00,11.6,6.7,17.2,0,0,,9.4,24.1,1026.4,472
2023-05-26 00:00:00,12.1,6.4,18.2,0,0,,8.3,27.8,1028.7,798
2023-05-27 00:00:00,13.5,4.1,20.4,0,0,,5.6,22.2,1026.5,846
2023-05-28 00:00:00,16.1,6.5,23.1,0,0,,2.5,22.2,1020.7,843
2023-05-29 00:00:00,14.6,8.4,20.1,0,0,,6,25.9,1023.1,676
2023-05-30 00:00:00,14,7.5,20.5,0,0,,7.8,22.2,1025.5,510
2023-05-31 00:00:00,17,6.8,24.6,0,0,,5.8,20.4,1024.1,861
2023-06-01 00:00:00,12.4,9.6,16.8,0,0,,15.2,37,1020.3,471
2023-06-02 00:00:00,13.2,8.4,18.4,0,0,,9.1,25.9,1021.1,451
2023-06-03 00:00:00,13.4,3.6,19.7,0,0,,7.6,27.8,1023,769
2023-06-04 00:00:00,15.7,6.1,22.7,0,0,,4.4,22.2,1021.9,908
2023-06-05 00:00:00,17.6,7.2,25,0,0,,5.6,25.9,1020.7,882
2023-06-06 00:00:00,17.6,10.6,22.6,1.4,0,,5.2,20.4,1019.4,351
2023-06-07 00:00:00,18.7,14.9,23.6,0.4,0,,3.6,20.4,1019.2,227
2023-06-08 00:00:00,19.9,14.2,26.4,0,0,,5.9,22.2,1017.1,378
2023-06-09 00:00:00,20.4,13.7,27.1,0,0,,5.9,25.9,1016.3,709
2023-06-10 00:00:00,18.9,11.5,28.1,0,0,,9,29.6,1017.7,775
2023-06-11 00:00:00,20.9,13.9,27.2,0,0,,10.9,31.5,1018.8,891
2023-06-12 00:00:00,20.9,13.6,26.2,0,0,,13,37,1018,899
2023-06-13 00:00:00,19.3,10.4,25.4,0,0,,11.3,40,1016,858
2023-06-14 00:00:00,17.3,10.1,23.6,0,0,,11.5,40.3,1018.7,624
2023-06-15 00:00:00,18.3,9.8,25.3,0.4,0,,9.4,38.5,1018.7,666
2023-06-16 00:00:00,15.9,12,21.3,4.9,0,,7.2,23.8,1016.7,30
2023-06-17 00:00:00,17.9,12.6,24.4,0,0,,7.9,27.4,1014.6,552
2023-06-18 00:00:00,21.1,10.5,27.7,0,0,,4.3,19.4,1013.8,858
2023-06-19 00:00:00,23,17.6,28.3,0,0,,10.4,37.4,1012.2,564
2023-06-20 00:00:00,22.1,16.3,27.6,4.6,0,,9,25.6,1012.7,504
2023-06-21 00:00:00,22.8,17.5,27.6,0,0,,10.1,33.1,1015.6,660
2023-06-22 00:00:00,21.3,15.6,29.4,44.3,0,,12.2,58,1016.3,144
2023-06-23 00:00:00,17.2,14.1,21.1,28,0,,14.8,41.8,1018.2,174
2023-06-24 00:00:00,19.3,12.4,25.9,0,0,,6.5,22.3,1023.7,810
2023-06-25 00:00:00,22.8,15.4,29,0,0,,5.8,23,1018.6,786
2023-06-26 00:00:00,21.7,15,28,0,0,,15.5,44.3,1014.2,486
2023-06-27 00:00:00,17.1,12.5,22.2,0.1,0,,15.1,46.1,1017.4,666
2023-06-28 00:00:00,17.4,11.5,22.9,0,0,,10.1,31.3,1017.7,696
2023-06-29 00:00:00,20,16.3,23.5,1.2,0,,6.8,20.9,1014.5,36
2023-06-30 00:00:00,17.3,13.6,20.9,10.5,0,,9,25.6,1011.5,252
2023-07-01 00:00:00,17.1,12.2,20.7,2.7,0,,13.3,45.4,1005.3,42
2023-07-02 00:00:00,17.2,13.8,21.4,0,0,,17.6,60.5,1007.7,600
2023-07-03 00:00:00,16.8,14.5,19.9,0,0,,14,46.4,1009.5,228
2023-07-04 00:00:00,16.6,12.8,20.7,0.2,0,,13.7,47.5,1012,252
2023-07-05 00:00:00,17.5,13.3,20.8,0.5,0,,19.1,59,1010,402
2023-07-06 00:00:00,17.5,12.1,22.5,0,0,,10.8,35.3,1017.7,816
2023-07-07 00:00:00,20.5,12.1,28,0,0,,6.5,22.3,1021.1,942
2023-07-08 00:00:00,23.1,12.8,31.2,0,0,,6.8,27.7,1019.4,936
2023-07-09 00:00:00,24.8,14.7,33.3,1.3,0,,8.3,50,1019,750
2023-07-10 00:00:00,20.8,15.5,25.4,0,0,,11.5,40,1019,426
2023-07-11 00:00:00,23.7,14.6,31,0,0,,9.4,27.7,1013.6,870
2023-07-12 00:00:00,21.5,15.9,24.8,0,0,,16.2,51.8,1009.8,618
2023-07-13 00:00:00,17.6,14.3,23.9,0.4,0,,12.6,51.5,1015.9,516
2023-07-14 00:00:00,20.4,12.7,26.9,0,0,,8.3,32.4,1015.2,750
2023-07-15 00:00:00,23.6,18,31.8,4.6,0,,13,53.6,1008.2,408
2023-07-16 00:00:00,21.5,16.2,26.1,0,0,,12.6,45.7,1013,720
2023-07-17 00:00:00,18.4,11.9,24.1,3,0,,14.8,51.5,1017.7,660
2023-07-18 00:00:00,18,11.4,24.7,0,0,,9.7,28.1,1018.6,804
2023-07-19 00:00:00,18.9,13.4,24.5,0.9,0,,11.9,40.7,1012.1,408
2023-07-20 00:00:00,16.3,10.8,21.5,0.5,0,,9.7,31,1013.4,324
2023-07-21 00:00:00,16.7,12.6,22,0,0,,8.6,32.8,1011,342
2023-07-22 00:00:00,17,11.6,22.1,1.3,0,,11.9,42.8,1012.9,288
2023-07-23 00:00:00,18.7,14.3,23.3,0,0,,13.7,47.5,1008.1,84
2023-07-24 00:00:00,19.2,14.5,24.6,11.8,0,,14,60.8,1002.7,270
2023-07-25 00:00:00,15.6,11.3,20.3,0.3,0,,10.8,41,1005.7,252
2023-07-26 00:00:00,14.5,10.3,19.8,1.1,0,,12.6,49.7,1011.2,372
2023-07-27 00:00:00,15.5,11.4,17.7,8.4,0,,10.4,31.3,1006.7,0
2023-07-28 00:00:00,20.2,17.5,25.7,0.2,0,,14.8,40.3,1005.7,324
2023-07-29 00:00:00,19.9,16,25,16,0,,12.2,43.9,1007.1,336
2023-07-30 00:00:00,18.4,15.2,22,5.7,0,,15.5,48.6,1010,546
2023-07-31 00:00:00,17.1,14.3,20,10.3,0,,14.8,48.2,1006.4,12
2023-08-01 00:00:00,17.2,15.7,20.4,0.9,0,,15.8,50.8,998.7,372
2023-08-02 00:00:00,17.1,14.2,20.2,14.3,0,,12.6,43.6,996.1,258
2023-08-03 00:00:00,17.8,16.2,20.4,6.6,0,,19.1,55.8,997.7,144
2023-08-04 00:00:00,17.5,14,22,0,0,,11.2,29.9,1011.8,258
2023-08-05 00:00:00,17.3,12,22.8,4.7,0,,8.6,33.1,1012.8,408
2023-08-06 00:00:00,17.5,14,22.7,1.9,0,,8.3,28.8,1004.8,480
2023-08-07 00:00:00,15.2,11.9,18.3,3.2,0,,20.9,62.3,1009.1,204
2023-08-08 00:00:00,14.8,11.8,19.9,2.1,0,,19.8,79.9,1010.7,288
2023-08-09 00:00:00,16.1,11,21,0,0,,13.3,40,1015,690
2023-08-10 00:00:00,16.4,10.7,21.8,0,0,,7.9,29.5,1020.9,678
2023-08-11 00:00:00,21.5,15.2,28.3,1,0,,8.3,27.7,1020.3,684
2023-08-12 00:00:00,20.8,16.6,26.7,0.2,0,,10.4,55.8,1016,144
2023-08-13 00:00:00,19.9,15.2,24.8,0,0,,6.8,21.6,1017.3,366
2023-08-14 00:00:00,21.7,14.1,28.9,0,0,,7.9,27.7,1015.1,396
2023-08-15 00:00:00,21.8,18.4,27.3,6.6,0,,8.6,33.1,1015.8,348
2023-08-16 00:00:00,20.3,16.1,25.4,15.5,0,,8.3,28.8,1020.4,342
2023-08-17 00:00:00,17.5,16.5,19,5.4,0,,10.8,26.3,1019.4,0
2023-08-18 00:00:00,21.8,16,29,0,0,,7.9,24.8,1017.3,546
2023-08-19 00:00:00,25,17.7,32.1,0.2,0,,9.4,27,1016.6,450
2023-08-20 00:00:00,23.2,19,28,0,0,,6.1,23.8,1021.7,648
2023-08-21 00:00:00,21.3,16.8,26.1,0,0,,6.8,20.9,1022.6,642
2023-08-22 00:00:00,21,16.1,25.9,0,0,,6.8,26.3,1019.7,432
2023-08-23 00:00:00,19.7,14.8,25,0,0,,7.6,28.4,1019.6,678
2023-08-24 00:00:00,21.2,13.6,27.9,0.2,0,,6.1,18.7,1015,474
2023-08-25 00:00:00,20.4,17.9,25.2,6.6,0,,7.9,22.3,1008.6,408
2023-08-26 00:00:00,18.6,13.8,21.7,0,0,,12.2,49,1010.2,516
2023-08-27 00:00:00,16.4,11.9,22.4,0.5,0,,8.6,37.1,1009.4,132
2023-08-28 00:00:00,15.6,10.8,20.4,0,0,,9.4,25.9,1011.3,462
2023-08-29 00:00:00,15.5,12.3,20.3,0,0,,5.9,18.5,1010.3,115
2023-08-30 00:00:00,15.2,9.6,21.4,6.1,0,,6.7,22.2,1006.9,320
2023-08-31 00:00:00,13.9,10.9,18.5,0.2,0,,15.2,38.9,1009.5,165
2023-09-01 00:00:00,15.1,10.2,19.5,0.3,0,,4.9,18.5,1014.2,333
2023-09-02 00:00:00,17.6,14.3,22.8,0,0,,2,18.5,1020.8,281
2023-09-03 00:00:00,16.3,11.7,21.2,0,0,,5.3,22.2,1027.6,423
2023-09-04 00:00:00,17.8,9.5,25.2,0,0,,5.8,22.2,1028,686
2023-09-05 00:00:00,21.6,12.9,30.3,0,0,,5,20.4,1022.4,703
2023-09-06 00:00:00,22,13.1,30.7,0,0,,6.2,26,1022,744
2023-09-07 00:00:00,21.3,12.1,29.8,0,0,,10.4,34.9,1022.3,750
2023-09-08 00:00:00,21.9,12.1,29.9,0,0,,9,33.1,1019,744
2023-09-09 00:00:00,21.6,13.1,30.3,0,0,,5,20.9,1017.1,738
2023-09-10 00:00:00,20.7,13.6,28.8,0,0,,5.4,22,1017.5,720
2023-09-11 00:00:00,22.2,13.8,30.2,0,0,,5.4,25.6,1013.4,708
2023-09-12 00:00:00,19.5,17.6,22.8,19.1,0,,8.3,32,1013,246
2023-09-13 00:00:00,16,10.8,21,2.5,0,,12.2,37.8,1015.5,84
2023-09-14 00:00:00,13.3,8.6,18.1,0,0,,6.1,22.3,1023.1,648
2023-09-15 00:00:00,15.9,8.1,22.3,0,0,,10.8,36.7,1020.2,708
2023-09-16 00:00:00,18.4,13,25.8,0,0,,7.6,25.9,1015.8,678
2023-09-17 00:00:00,20.9,13.6,28.2,0,0,,9,31,1013.9,312
2023-09-18 00:00:00,20.7,15,23.8,1.6,0,,14.8,46.8,1006.5,84
2023-09-19 00:00:00,16.7,13.7,19.8,0,0,,17.6,53.3,1009.4,522
2023-09-20 00:00:00,19.2,15.3,24.4,0,0,,14.4,43.6,1008.6,600
2023-09-21 00:00:00,18.6,15,23.7,8.6,0,,11.5,50,1001,174
2023-09-22 00:00:00,15.7,12.8,20,0,0,,10.1,35.3,1002.6,222
2023-09-23 00:00:00,14.4,11.7,17.6,0,0,,15.1,42.1,1013.7,312
2023-09-24 00:00:00,14.5,10.8,19.4,0,0,,7.9,22.3,1025.9,564
2023-09-25 00:00:00,14.8,8.7,21.5,0,0,,8.3,23.4,1025.1,618
2023-09-26 00:00:00,15.5,6.9,24.5,0,0,,4.7,22.3,1022.1,624
2023-09-27 00:00:00,18.4,10.8,25.9,0,0,,6.8,22.7,1019.5,522
2023-09-28 00:00:00,19,13.6,25.1,0,0,,7.2,23.4,1016.9,462
2023-09-29 00:00:00,18.7,13.5,24.9,0.1,0,,11.9,51.8,1017,72
2023-09-30 00:00:00,14.6,11,19.6,0,0,,11.5,31.3,1025.3,522
2023-10-01 00:00:00,16.3,12.3,20.8,0,0,,10.8,32.4,1023.2,96
2023-10-02 00:00:00,18.9,14.5,24,0,0,,10.1,29.5,1019.4,384
2023-10-03 00:00:00,16.8,12.1,22.3,3.7,0,,17.3,60.8,1013.3,12
2023-10-04 00:00:00,13.9,11.4,17.2,0,0,,16.9,45,1023.9,246
2023-10-05 00:00:00,13.8,11.5,16.6,5.8,0,,15.1,48.2,1022.7,186
2023-10-06 00:00:00,15.4,11.1,19.1,0.1,0,,18,47.5,1021.7,336
2023-10-07 00:00:00,17.1,11.8,20.1,1.3,0,,22.3,52.2,1017.3,24
2023-10-08 00:00:00,12.3,10,15.2,3,0,,7.6,36.7,1024.5,270
2023-10-09 00:00:00,14.1,10.9,16.3,13.7,0,,11.2,32.4,1017.9,0
2023-10-10 00:00:00,16.8,13.8,20.9,0.2,0,,9.7,28.8,1017.9,138
2023-10-11 00:00:00,18.5,15.2,23,6.5,0,,14.4,43.9,1011.3,432
2023-10-12 00:00:00,13.9,12,19.7,2.1,0,,9.7,50.4,1013.1,0
2023-10-13 00:00:00,18.6,14.1,22.8,9,0,,14.8,46.1,1006.7,174
2023-10-14 00:00:00,12.4,7.9,18.2,0.1,0,,20.2,67.3,1008.1,432
2023-10-15 00:00:00,7.7,5.5,10.5,1.7,0,,17.3,45,1017.7,372
2023-10-16 00:00:00,7,4.1,10.6,1.6,0,,9.4,29.5,1021.6,90
2023-10-17 00:00:00,5.8,2.3,11,0,0,,3.6,13.7,1021.3,210
2023-10-18 00:00:00,6.7,0.9,11.3,10.7,0,,13,38.9,1011.9,366
2023-10-19 00:00:00,7.5,6.5,8.8,6,0,,14.8,34.9,997,0
2023-10-20 00:00:00,7,6.1,8.5,15.3,0,,21.6,56.9,988.5,0
2023-10-21 00:00:00,11.8,7.7,17.5,1.1,0,,12.2,47.5,996,324
2023-10-22 00:00:00,11.8,7.5,15.6,0,0,,11.9,37.1,1007.5,138
2023-10-23 00:00:00,11.8,9,15.6,0.1,0,,7.9,20.5,1013.2,276
2023-10-24 00:00:00,11.9,8.6,14,0.5,0,,8.6,31,1004.4,0
2023-10-25 00:00:00,10.8,7.3,14.6,9.9,0,,12.2,36.4,999.5,336
2023-10-26 00:00:00,10.1,9,11.2,1,0,,6.1,23.4,994.5,0
2023-10-27 00:00:00,9.5,8.3,10.5,9.6,0,,5.4,16.2,994,0
2023-10-28 00:00:00,10.3,8.7,12.5,5.5,0,,7.9,27.4,999,30
2023-10-29 00:00:00,13.4,9.8,15.8,0,0,,16.6,49.3,997,48
2023-10-30 00:00:00,12.8,11.4,16,5.4,0,,12.2,34.2,1000.6,276
2023-10-31 00:00:00,10.7,8,12.5,2.9,0,,15.8,55.4,999.7,12
2023-11-01 00:00:00,11.5,8,14.5,0.6,0,,9,30.2,1002.8,24
2023-11-02 00:00:00,11.9,7.9,14.6,0,0,,16.2,48.6,987.6,0
2023-11-03 00:00:00,9.8,6.5,12.5,0,0,,13.7,42.1,985.9,204
2023-11-04 00:00:00,8.7,5.7,11.8,2.9,0,,15.5,47.2,984.6,288
2023-11-05 00:00:00,10.5,8.7,12.9,7.2,0,,16.2,60.1,979.4,60
2023-11-06 00:00:00,10.5,8.9,12.8,0,0,,17.6,44.6,999.9,132
2023-11-07 00:00:00,9.4,6.9,12.2,0,0,,13.3,38.2,1009,300
2023-11-08 00:00:00,9.4,7.6,11.7,3.1,0,,15.8,40,1010.8,120
2023-11-09 00:00:00,9.4,8.5,10.1,0.7,0,,16.6,42.1,1002.6,0
2023-11-10 00:00:00,8.6,7,10.6,2.3,0,,12.6,37.1,998.6,120
2023-11-11 00:00:00,6.4,5.2,7.8,15.9,0,,10.8,33.1,1001.6,0
2023-11-12 00:00:00,6.7,4.6,8.8,0,0,,11.5,30.2,1007,24
2023-11-13 00:00:00,6.3,1.6,12,5.4,0,,12.6,41.8,1003.9,6
2023-11-14 00:00:00,11.4,9,13,2.4,0,,23,60.8,999.8,120
2023-11-15 00:00:00,8.6,7,9.7,0.9,0,,12.6,40.7,1010.4,6
2023-11-16 00:00:00,6.2,1.2,9.1,0.3,0,,13.7,45.4,1012.2,174
2023-11-17 00:00:00,4.5,1.5,7,0,0,,12.6,32.8,1018.3,42
2023-11-18 00:00:00,4.6,1.7,7,4.5,0,,8.3,26.6,1021.8,126
2023-11-19 00:00:00,10.1,5,13,10.5,0,,17.6,52.6,1006.9,192
2023-11-20 00:00:00,9.9,7.5,11.2,7.2,0,,16.2,44.3,1006.8,12
2023-11-21 00:00:00,5.9,1.3,7.7,0.5,0,,12.2,33.5,1017.3,0
2023-11-22 00:00:00,1.3,-1,3.7,0.1,0,,9.7,35.6,1028,132
2023-11-23 00:00:00,8.2,3.7,11.1,4.3,0,,26.3,70.2,1013,0
2023-11-24 00:00:00,3.8,0.4,7.2,10.5,0,,23.4,66.2,1002.9,48
2023-11-25 00:00:00,1.9,0.1,4.3,2.2,0,,14.4,34.9,1007.3,12
2023-11-26 00:00:00,1.6,-1.1,4.1,5.5,0,,8.6,23.4,1012.6,18
2023-11-27 00:00:00,2.7,-0.1,4.1,13,0,,10.4,31.3,1002.9,0
2023-11-28 00:00:00,-1,-2.7,-0.1,0.5,40,,14.8,37.4,1002.6,108
2023-11-29 00:00:00,-0.4,-1.8,1.1,0.5,40,,17.3,47.5,1001,12
2023-11-30 00:00:00,-1,-4.1,1.2,0,40,,5.8,13.7,1003.2,96
2023-12-01 00:00:00,-2.1,-2.9,-1.5,0,40,,7.6,16.2,1007.4,72
2023-12-02 00:00:00,-2,-3.2,-1.1,1.5,30,,8.6,22.3,1012.6,0
2023-12-03 00:00:00,-1.1,-3.6,0.8,0.5,60,,6.5,17.6,1020.7,0
2023-12-04 00:00:00,-0.7,-3.1,0.9,1.8,60,,15.5,38.5,1013.4,0
2023-12-05 00:00:00,0.9,-0.8,2.5,1.7,60,,16.6,43.6,1005.8,0
2023-12-06 00:00:00,1.1,0.3,2.5,0.7,30,,7.9,21.6,1012.1,0
2023-12-07 00:00:00,1.7,-1,3.5,0,0,,7.2,17.3,1019.1,0
2023-12-08 00:00:00,0.5,-0.6,3.2,2,0,,12.6,34.9,1011.5,0
2023-12-09 00:00:00,4.8,3.1,7.6,7.6,0,,14.4,36.7,1006.4,120
2023-12-10 00:00:00,7.6,4,8.9,9.3,0,,18.7,53.3,1000.7,0
2023-12-11 00:00:00,8.4,6.5,10.4,9.6,0,,20.5,55.1,999,6
2023-12-12 00:00:00,6.3,2.3,8.4,4.9,0,,10.8,27.4,1005.2,54
2023-12-13 00:00:00,6.5,4.2,8.9,1.9,0,,8.6,27,999.8,0
2023-12-14 00:00:00,3.1,1.7,4.1,0.2,0,,10.1,24.5,1016.8,0
2023-12-15 00:00:00,5.4,2,7.4,1,0,,10.8,28.8,1031.9,0
2023-12-16 00:00:00,7.9,6.6,9.1,0,0,,17.6,42.5,1036.4,60
2023-12-17 00:00:00,8,5.4,9.6,0,0,,18.7,42.5,1033.6,246
2023-12-18 00:00:00,5.7,4.6,7,0,0,,16.6,43.2,1028.7,6
2023-12-19 00:00:00,5.5,5.1,6.7,9.4,0,,18.4,41.4,1017.2,0
2023-12-20 00:00:00,5.8,4.2,7.7,5.4,0,,19.4,73.4,1008.9,12
2023-12-21 00:00:00,7.6,3.9,10,13.5,0,,28.8,80.6,991.9,0
2023-12-22 00:00:00,4.1,2.8,5.9,11,0,,28.1,83.2,995.2,30
2023-12-23 00:00:00,4,1.1,8.4,24,0,,17.3,59.4,1002.6,0
2023-12-24 00:00:00,10.3,8,12.9,6.9,0,,26.3,59,1000.2,0
2023-12-25 00:00:00,10.7,9,12.6,20.2,0,,21.2,57.6,1003.3,36
2023-12-26 00:00:00,8.5,4.6,11.1,0.3,0,,22.3,58,1009.8,126
2023-12-27 00:00:00,4.5,0.7,9.1,0,0,,12.6,46.8,1018,0
2023-12-28 00:00:00,9.3,7.4,11.2,0.1,0,,19.8,51.5,1010.5,126
2023-12-29 00:00:00,9.2,7.6,10.9,5.2,0,,21.2,54,1006.3,0
2023-12-30 00:00:00,7.2,5.7,8.3,0,0,,16.6,53.6,1010.7,132
2023-12-31 00:00:00,7.5,4.8,11.1,0.4,0,,14.8,39.6,1003.6,12
2024-01-01 00:00:00,6.8,3.9,8,2.2,0,,15.8,38.2,1004.1,0
2024-01-02 00:00:00,6.7,4,10.1,17.3,0,,13.3,35.6,995.2,0
2024-01-03 00:00:00,9.8,7.8,11.3,4.4,0,,22.7,61.6,988.5,6
2024-01-04 00:00:00,4.4,2,8.2,2.2,0,,16.6,54.4,1000,0
2024-01-05 00:00:00,3.4,1.8,4.8,1.3,0,,11.5,28.1,1002.4,0
2024-01-06 00:00:00,1.7,-0.8,3.7,1.1,0,,14,32.4,1009.9,0
2024-01-07 00:00:00,-1.7,-2.5,-0.8,0.1,10,,16.9,45,1024.3,0
2024-01-08 00:00:00,-4.3,-7.4,-1.9,0,10,,18,45,1033.6,426
2024-01-09 00:00:00,-6.9,-9.7,-4.3,0,10,,11.2,24.1,1037.1,426
2024-01-10 00:00:00,-6.8,-9.5,-2.9,0,10,,8.6,20.5,1033.5,432
2024-01-11 00:00:00,-5.2,-10,-0.6,0,10,,6.8,20.2,1032.9,126
2024-01-12 00:00:00,0.4,-0.8,1.5,0.1,10,,12.2,30.6,1030,0
2024-01-13 00:00:00,2,1.3,2.7,2.5,0,,19.4,42.8,1018.1,0
2024-01-14 00:00:00,2.1,1,2.8,0.3,0,,20.2,54.4,1004.7,0
2024-01-15 00:00:00,1.3,0.5,2.3,0.9,0,,22,49.3,997.2,0
2024-01-16 00:00:00,0.4,-1.7,1.8,0,0,,17.6,45,1005.8,96
2024-01-17 00:00:00,-1.4,-3.7,0.2,0,0,,5.8,23.8,994.6,0
2024-01-18 00:00:00,-0.9,-2.6,2.2,0,0,,8.6,20.9,999.3,336
2024-01-19 00:00:00,-0.2,-2.5,1.8,0,0,,19.1,41.4,1016.7,378
2024-01-20 00:00:00,0.2,-1.5,2.7,0,0,,18.7,41,1026.7,354
2024-01-21 00:00:00,2.5,-2.6,6,0,0,,17.6,53.6,1022.2,6
2024-01-22 00:00:00,7.3,4.8,9.1,4.7,0,,25.6,64.1,1008.6,12
2024-01-23 00:00:00,6.3,5.3,7.4,6.4,0,,19.8,49.7,1018.7,36
2024-01-24 00:00:00,9.6,7.3,12.7,0.5,0,,31.7,77.4,1014,0
2024-01-25 00:00:00,6.3,2.5,8.4,0,0,,18.7,52.6,1025.3,132
2024-01-26 00:00:00,7.1,4.2,10.5,5.6,0,,19.4,74.5,1022.1,18
2024-01-27 00:00:00,4.1,0.2,7.1,0,0,,15.5,38.9,1034.2,462
2024-01-28 00:00:00,2.9,-1.1,8,0,0,,10.4,25.9,1032.5,462
2024-01-29 00:00:00,5.6,-1.1,11.1,0,0,,9,30.2,1028,402
2024-01-30 00:00:00,7.6,2,10.6,0.4,0,,11.9,37.1,1027.9,30
2024-01-31 00:00:00,5.5,4.4,7.1,1.9,0,,16.9,40,1030.2,0
2024-02-01 00:00:00,6,3.6,7.6,0,0,,19.1,47.2,1025.9,270
2024-02-02 00:00:00,6.5,4,8.6,0.6,0,,20.2,63,1024.6,0
2024-02-03 00:00:00,9.4,7.4,11.1,5.1,0,,20.2,49.3,1020.5,0
2024-02-04 00:00:00,8.7,7.6,10.5,4.8,0,,22.3,58.7,1016.5,0
2024-02-05 00:00:00,10,8,10.6,0.1,0,,28.8,60.8,1012.8,0
2024-02-06 00:00:00,9.8,7.7,11.3,10.1,0,,31,69.5,1005.8,0
2024-02-07 00:00:00,4,-1,10.8,0,0,,15.5,56.5,1003.6,60
2024-02-08 00:00:00,1.2,-1.2,4.8,12.2,0,,7.9,30.2,1000.8,0
2024-02-09 00:00:00,6.3,1,13.1,5.6,0,,10.8,38.9,989.1,72
2024-02-10 00:00:00,10.1,8.2,13.7,0,0,,10.8,31,989.6,264
2024-02-11 00:00:00,8.6,7.3,9.7,4.9,0,,10.1,38.5,991.2,0
2024-02-12 00:00:00,7.1,3.8,9.3,1.1,0,,12.2,32.8,1002.4,30
2024-02-13 00:00:00,5.5,2.7,8.6,2.5,0,,12.2,40.3,1016.6,360
2024-02-14 00:00:00,8.5,6.2,10.5,6.6,0,,15.1,37.8,1016.2,0
2024-02-15 00:00:00,12,9.8,13.8,0.1,0,,11.2,31,1016.1,0
2024-02-16 00:00:00,12.3,8.2,15.6,0.8,0,,13,37.4,1013.9,36
2024-02-17 00:00:00,8.2,2.1,11.1,0,0,,14.8,37.8,1028.7,180
2024-02-18 00:00:00,7.3,3.1,12.2,15.8,0,,13,40.7,1025.8,30
2024-02-19 00:00:00,8.2,6.4,9.9,1.9,0,,19.1,51.8,1021.3,18
2024-02-20 00:00:00,8.1,6.6,10,1.1,0,,17.3,40,1024.1,132
2024-02-21 00:00:00,9.2,7.8,10.7,4.9,0,,17.3,46.4,1014.3,24
2024-02-22 00:00:00,10.1,7.7,12.7,3,0,,18,72.4,991.1,12
2024-02-23 00:00:00,7.4,3.7,9.6,0,0,,20.5,77.8,993.6,180
2024-02-24 00:00:00,5.5,1.9,9.9,0,0,,13.3,37.1,1001.2,228
2024-02-25 00:00:00,5.5,2.3,9,0,0,,12.2,36,1004.1,162
2024-02-26 00:00:00,4.5,-0.4,7.6,0,0,,10.8,32,1006.9,0
2024-02-27 00:00:00,3.5,0.7,5.4,0,0,,8.3,18.7,1017.6,0
2024-02-28 00:00:00,3.7,1.5,6.8,0,0,,7.2,20.5,1021.4,150
2024-02-29 00:00:00,5.9,0.1,12.6,0,0,,13,42.8,1013.6,582
2024-03-01 00:00:00,6.9,0.8,12.5,0,0,,9.7,30.6,1005.7,348
2024-03-02 00:00:00,9.8,6,15,0,0,,11.9,33.1,1005,450
2024-03-03 00:00:00,8,2.3,12.9,0,0,,11.2,35.3,1003.9,504
2024-03-04 00:00:00,6.1,1.5,8.5,1.6,0,,3.6,12.2,1010,0
2024-03-05 00:00:00,5.9,4,7.5,1.1,0,,11.9,26.6,1015.8,0
2024-03-06 00:00:00,4.9,1,9.4,0,0,,9.4,24.8,1024,276
2024-03-07 00:00:00,4.3,0.3,8.1,0,0,,11.2,33.5,1025.6,162
2024-03-08 00:00:00,3.6,-1.3,8.5,0,0,,15.8,43.2,1017.9,612
2024-03-09 00:00:00,4.8,-0.8,9.1,0,0,,15.1,46.4,1007.2,594
2024-03-10 00:00:00,6.8,1.9,11.2,0,0,,17.6,44.6,1001.3,120
2024-03-11 00:00:00,9.3,6.7,13.3,0,0,,10.4,39.2,1003.5,126
2024-03-12 00:00:00,7.5,3.7,10,0,0,,9,28.8,1013.7,0
2024-03-13 00:00:00,7.8,1.6,11.9,0.9,0,,11.2,36.7,1015.7,252
2024-03-14 00:00:00,12.2,7.2,16.5,0,0,,10.8,30.6,1013.2,468
2024-03-15 00:00:00,12.5,6.9,17,0.8,0,,12.2,40.7,1008.7,276
2024-03-16 00:00:00,8.7,3.3,10.7,2.2,0,,16.6,45.4,1015.9,102
2024-03-17 00:00:00,6.1,1,11,0,0,,7.6,31.7,1023.5,468
2024-03-18 00:00:00,7,3,10.6,0,0,,18.4,37.8,1018.9,102
2024-03-19 00:00:00,8.4,3.4,14.2,0,0,,13.3,29.9,1020.2,372
2024-03-20 00:00:00,12,5.7,17.9,5.1,0,,6.8,23,1019.3,252
2024-03-21 00:00:00,9.3,6.6,12.2,1.6,0,,11.5,49.7,1020.8,12
2024-03-22 00:00:00,9.8,7.4,13.3,12.1,0,,13.3,43.6,1015,0
2024-03-23 00:00:00,5.3,1.9,9.8,3.4,0,,12.6,61.2,1006.8,162
2024-03-24 00:00:00,5.3,3,8.6,2.9,0,,20.9,54.4,1000.4,12
2024-03-25 00:00:00,6,2.9,9.8,0,0,,13.7,46.1,1005.1,90
2024-03-26 00:00:00,7.3,1.3,11.6,0,0,,16.9,38.2,996.8,222
2024-03-27 00:00:00,10.5,1.9,17.9,5.9,0,,8.3,28.4,987.2,468
2024-03-28 00:00:00,8.6,5.3,12.2,0.2,0,,17.6,64.8,989,276
2024-03-29 00:00:00,10.8,7.3,14.8,0.5,0,,15.1,51.1,997.5,150
2024-03-30 00:00:00,12.9,7.7,18.8,0,0,,6.5,27.4,998.7,162
2024-03-31 00:00:00,11.9,8.7,15.9,0,0,,8.6,26.6,999.1,354
2024-04-01 00:00:00,9.4,7.2,10.8,14.9,0,,10.8,38.9,995.8,0
2024-04-02 00:00:00,10.4,8.2,13.1,0.2,0,,20.2,63.4,1004.4,330
2024-04-03 00:00:00,10.6,8.2,12.6,1.5,0,,12.2,33.8,1006.4,0
2024-04-04 00:00:00,11.9,8.7,15.4,2,0,,16.9,59.8,1006.7,168
2024-04-05 00:00:00,14,9.9,18.3,0.6,0,,14.4,46.1,1010.7,54
2024-04-06 00:00:00,18,10.5,24.5,0,0,,9.7,29.9,1012.9,468
2024-04-07 00:00:00,18.8,13.5,23.4,1.1,0,,11.5,43.6,1013.4,330
2024-04-08 00:00:00,17.2,12.5,23.6,0,0,,7.6,30.6,1009.6,528
2024-04-09 00:00:00,14.7,10.7,19,0,0,,14.8,63,1009.8,18
2024-04-10 00:00:00,10.8,6.5,14.7,0,0,,13.7,35.6,1026.3,276
2024-04-11 00:00:00,11.6,4.6,15.9,0,0,,11.5,38.5,1031.3,120
2024-04-12 00:00:00,15.5,13.1,18.4,0,0,,13,37.4,1029.4,120
2024-04-13 00:00:00,17.6,12.4,22.1,0,0,,14.8,44.3,1022.5,594
2024-04-14 00:00:00,13.9,9.3,18.6,0.1,0,,18.4,46.1,1018.4,624
2024-04-15 00:00:00,9.6,4.9,14.3,3.2,0,,15.1,95.8,1006.1,216
2024-04-16 00:00:00,7.2,4.5,10.5,0.6,0,,15.5,45.7,1001.3,108
2024-04-17 00:00:00,6,3,10.1,0.3,0,,8.3,38.9,1009.2,300
2024-04-18 00:00:00,7.4,3.7,12.1,1.8,0,,9,36,1015.6,396
2024-04-19 00:00:00,7,4.7,10.6,10,0,,18,54.4,1005.4,144
2024-04-20 00:00:00,5.7,1.9,9.1,0,0,,15.5,45.7,1016.2,138
2024-04-21 00:00:00,4.2,-0.9,9.5,0,0,,13,37.1,1023.2,504
2024-04-22 00:00:00,3.5,-0.9,8.3,0,0,,6.8,29.5,1024.6,420
2024-04-23 00:00:00,4.5,-2.5,9.3,0.3,0,,6.1,38.5,1018.4,324
2024-04-24 00:00:00,5.2,3.2,10.3,3.7,0,,11.5,40,1006.1,228
2024-04-25 00:00:00,6.1,3.8,9.8,0.9,0,,11.5,43.9,1004.6,228
2024-04-26 00:00:00,8.7,4.7,13.1,0,0,,11.2,35.6,1005.5,126
2024-04-27 00:00:00,13.7,6.1,20,0,0,,10.8,28.8,1008.9,660
2024-04-28 00:00:00,15.6,10.1,21.1,0,0,,11.2,39.2,1011.2,216
2024-04-29 00:00:00,15.1,9.9,20.3,0,0,,8.3,27,1021.4,570
2024-04-30 00:00:00,17,9.1,24.8,0,0,,7.9,30.6,1016.5,726
2024-05-01 00:00:00,19,10.5,25.1,0,0,,14.4,42.1,1008.1,822
2024-05-02 00:00:00,19.4,13.4,24.9,0,0,,16.9,50,1001.8,786
2024-05-03 00:00:00,15,10.9,18.4,0,0,,11.2,33.8,1009.2,144
2024-05-04 00:00:00,14,9.8,18,0.7,0,,5.8,17.6,1015,168
2024-05-05 00:00:00,13.7,8.2,17,0,0,,14.8,42.1,1008.4,270
2024-05-06 00:00:00,13.4,5.7,19.3,0,0,,6.5,19.1,1009.4,690
2024-05-07 00:00:00,12.3,7.7,15.1,0,0,,8.6,33.1,1018.5,240
2024-05-08 00:00:00,12.3,3.8,19.5,0,0,,5.8,22.7,1025.5,810
2024-05-09 00:00:00,14,5,20.4,0,0,,5.4,22,1026,804
2024-05-10 00:00:00,16.2,10.4,22.1,0,0,,6.5,24.5,1023.4,762
2024-05-11 00:00:00,15.5,9.8,21.7,0,0,,7.6,27,1023,702
2024-05-12 00:00:00,15.5,8.2,21.4,0,0,,13,37.1,1020.2,864
2024-05-13 00:00:00,18.6,10.5,25,0,0,,15.1,41.4,1014.2,870
2024-05-14 00:00:00,19.6,11.2,25.2,0,0,,18,53.3,1010.4,894
2024-05-15 00:00:00,19.6,10.6,26.3,0,0,,18,61.9,1008.6,876
2024-05-16 00:00:00,18.4,15,23.6,0,0,,18.4,53.3,1007.5,480
2024-05-17 00:00:00,18.7,11.9,24.5,0,0,,16.9,54.7,1007.8,582
2024-05-18 00:00:00,15.4,9.6,20.4,0,0,,7.2,29.2,1010,210
2024-05-19 00:00:00,14.8,10.4,20.2,1.5,0,,4.7,22.3,1009.3,324
2024-05-20 00:00:00,16,9.3,21.5,0,0,,5.4,18,1011.2,252
2024-05-21 00:00:00,18.9,10.8,25.2,19.5,0,,15.1,41,1008.6,528
2024-05-22 00:00:00,15.6,14.6,16.9,6,0,,10.1,31.7,1008.3,0
2024-05-23 00:00:00,16.9,11.9,22,0,0,,11.2,34.9,1014.6,858
2024-05-24 00:00:00,16.8,10.4,23.4,6.7,0,,7.6,54.7,1017.9,510
2024-05-25 00:00:00,18.1,14.7,23.3,0,0,,5.8,21.6,1016.8,324
2024-05-26 00:00:00,18.8,11.8,24.3,1.5,0,,7.6,42.8,1016.7,654
2024-05-27 00:00:00,17.1,13,22.3,32.3,0,,7.6,34.6,1016.2,408
2024-05-28 00:00:00,14.8,12.3,19,0.8,0,,12.2,33.5,1016.7,474
2024-05-29 00:00:00,15.1,11,19.4,8.5,0,,11.9,40,1011.2,198
2024-05-30 00:00:00,14.5,10.2,18.2,12.8,0,,7.2,24.1,1005.9,54
2024-05-31 00:00:00,15.9,12.9,18.3,0,0,,11.5,36,1008.5,138
2024-06-01 00:00:00,19.1,13.9,24.6,0,0,,11.9,37.8,1012.4,528
2024-06-02 00:00:00,15.3,12.4,17.6,0,0,,16.6,35.3,1018.3,0
2024-06-03 00:00:00,13.4,11.7,15.3,0,0,,12.2,30.6,1018.4,12
2024-06-04 00:00:00,16,12.7,19.7,0.6,0,,7.9,23.4,1013.4,294
2024-06-05 00:00:00,14.8,9.2,17.8,1,0,,10.8,34.2,1011.1,120
2024-06-06 00:00:00,13.9,7.7,19.7,0,0,,7.2,23.4,1016.8,696
2024-06-07 00:00:00,14.9,9.7,20.3,0,0,,7.2,32.8,1017.6,636
2024-06-08 00:00:00,16,7.8,22.8,0,0,,11.2,41,1011.2,798
2024-06-09 00:00:00,14.4,9.9,19.5,0,0,,12.6,41,1009.1,798
2024-06-10 00:00:00,12.3,8.5,16,3.7,0,,10.1,40.7,1006.2,270
2024-06-11 00:00:00,12.2,8.4,17.1,0,0,,19.8,50,1011.7,456
2024-06-12 00:00:00,11.7,7.4,16.4,0.9,0,,13.3,40,1017.2,420
2024-06-13 00:00:00,13.1,8,18,0,0,,9.4,27.7,1017.3,558
2024-06-14 00:00:00,16.3,12.2,21.2,0.2,0,,11.9,33.8,1010,156
2024-06-15 00:00:00,16.2,11.9,20.1,3.1,0,,14.4,54.7,1005.2,450
2024-06-16 00:00:00,17.1,11.7,21.5,0,0,,10.8,34.9,1008.6,210
2024-06-17 00:00:00,18.2,12.7,23.4,0,0,,9.4,39.6,1011.9,510
2024-06-18 00:00:00,18.2,12.4,24.7,31.4,0,,7.6,39.6,1013.4,468
2024-06-19 00:00:00,15.9,10.9,20.2,2.3,0,,8.6,27,1017.2,270
2024-06-20 00:00:00,16.6,8.5,21.9,0,0,,7.6,25.9,1020.8,546
2024-06-21 00:00:00,19.6,14,23.9,16.4,0,,6.1,22.3,1011.8,168
2024-06-22 00:00:00,18.4,14.7,23,0,0,,15.1,41.4,1011.5,462
2024-06-23 00:00:00,18,13.1,23.1,0,0,,10.1,32.4,1018.5,618
2024-06-24 00:00:00,19.7,11.4,25.6,0,0,,5,17.3,1020.1,834
2024-06-25 00:00:00,21.6,13.5,27.8,0,0,,9.4,33.5,1016.8,954
2024-06-26 00:00:00,23.4,14.9,30.1,0.7,0,,9.7,31.3,1011.7,912
2024-06-27 00:00:00,23.2,18.7,30.8,2.3,0,,7.2,37.4,1008.4,552
2024-06-28 00:00:00,20.9,13.4,24.2,0,0,,14,51.5,1013.5,720
2024-06-29 00:00:00,21.7,11,28.5,12.6,0,,6.8,48.2,1013.7,762
2024-06-30 00:00:00,18.3,15,21.3,19.5,0,,11.9,49.7,1006.5,36
2024-07-01 00:00:00,15.4,13.3,18.6,6.7,0,,11.5,38.5,1012.4,138
2024-07-02 00:00:00,13.8,12,16.2,1.3,0,,13.3,39.6,1012.1,6
2024-07-03 00:00:00,13.6,11.8,16.9,0,0,,11.2,30.6,1009.5,12
2024-07-04 00:00:00,15,11,20,0.8,0,,14.4,46.4,1006.6,342
2024-07-05 00:00:00,15.7,9.1,19.9,0,0,,13,40.3,1009.9,396
2024-07-06 00:00:00,19.3,13.4,26.3,1.4,0,,15.1,62.6,1003.7,354
2024-07-07 00:00:00,16.3,11.7,21.3,0,0,,11.2,34.9,1013.2,684
2024-07-08 00:00:00,18.9,12.6,24.1,0,0,,7.6,23,1017.6,540
2024-07-09 00:00:00,24.3,15.6,31,1,0,,9.7,36.7,1015.8,774
2024-07-10 00:00:00,21.8,18.6,25.9,3.6,0,,8.6,40.3,1014.7,180
2024-07-11 00:00:00,20.3,15,24.7,4.5,0,,6.1,36.7,1016.3,510
2024-07-12 00:00:00,18.3,14.4,25.4,4.4,0,,12.2,56.5,1010.9,258
2024-07-13 00:00:00,16.7,12.4,21.1,0,0,,14.4,41.8,1011.6,474
2024-07-14 00:00:00,17.7,11.3,23.3,0,0,,9.4,34.2,1013.3,492
2024-07-15 00:00:00,20.7,12.9,26.8,8.5,0,,6.1,25.9,1012.3,804
2024-07-16 00:00:00,19.3,14.1,25.6,4.5,0,,11.2,55.8,1011.2,438
2024-07-17 00:00:00,17.8,14.5,21.7,0,0,,11.2,33.5,1019.1,204
2024-07-18 00:00:00,19.8,11.9,26.1,0,0,,4.3,18.7,1023.1,816
2024-07-19 00:00:00,22.2,13.5,28.2,0,0,,6.8,25.6,1019.7,750
2024-07-20 00:00:00,23.7,15.4,30.1,0,0,,8.6,29.2,1011.3,816
2024-07-21 00:00:00,22.5,16.9,31.3,7.7,0,,7.2,54.7,1007.7,534
2024-07-22 00:00:00,19.6,17.4,23.3,0,0,,15.1,39.2,1014.8,456
2024-07-23 00:00:00,18.8,15.6,24.9,34.5,0,,9.7,38.5,1016.2,366
2024-07-24 00:00:00,17.8,12.4,21.7,0,0,,12.6,40,1017.9,378
2024-07-25 00:00:00,17.9,11.4,23.8,0.1,0,,5.8,22.7,1015.2,750
2024-07-26 00:00:00,19.4,16.1,24.1,11.1,0,,9,34.2,1011.3,108
2024-07-27 00:00:00,18.9,16.2,22,16.9,0,,7.2,30.2,1014,30
2024-07-28 00:00:00,18.1,12.7,22.8,0.1,0,,12.2,45.4,1022,606
2024-07-29 00:00:00,17.9,11,24.1,0,0,,5.8,22.3,1024.6,894
2024-07-30 00:00:00,21.7,13,29.2,0,0,,6.1,23.8,1017.7,882
2024-07-31 00:00:00,21.7,14.8,28.6,0,0,,4.7,18.7,1014.3,528
2024-08-01 00:00:00,22.2,15.4,27.8,5.5,0,,7.2,20.9,1011.6,654
2024-08-02 00:00:00,19,14.8,23.9,0,0,,7.2,22,1011.6,402
2024-08-03 00:00:00,20.6,13.6,27.1,0.8,0,,5.4,24.5,1011.1,708
2024-08-04 00:00:00,18.9,14.1,22.2,0,0,,14,40.3,1012.5,378
2024-08-05 00:00:00,18.1,12.5,23.7,0,0,,6.5,20.5,1015.6,348
2024-08-06 00:00:00,22,15,28.4,0,0,,7.9,20.9,1012.4,822
2024-08-07 00:00:00,22.2,16.5,28.8,8,0,,9.7,36,1010.8,486
2024-08-08 00:00:00,18.1,14,22.8,1.3,0,,6.8,23.4,1015.9,240
2024-08-09 00:00:00,18.8,14.7,23.5,4,0,,12.6,37.4,1014.6,54
2024-08-10 00:00:00,20.2,15.1,24.4,0,0,,10.8,35.6,1019.2,588
2024-08-11 00:00:00,20.5,14.6,25.4,0,0,,7.6,25.9,1021.3,708
2024-08-12 00:00:00,21.3,12.3,28.6,0,0,,8.6,29.2,1015.3,846
2024-08-13 00:00:00,26.5,20.3,32.6,0,0,,14,36.7,1010.7,684
2024-08-14 00:00:00,22.9,18.4,28,0.5,0,,7.9,37.8,1011.2,594
2024-08-15 00:00:00,22.1,18.9,26.9,0,0,,10.4,32.4,1015.3,354
2024-08-16 00:00:00,22.1,17.8,26.3,4.3,0,,10.4,34.9,1014.8,432
2024-08-17 00:00:00,19.6,15.7,23.7,11.1,0,,7.9,29.5,1012.7,132
2024-08-18 00:00:00,17.2,14.2,19.4,4,0,,8.6,25.9,1011.6,0
2024-08-19 00:00:00,16.5,12.9,21.6,0,0,,5.8,18.4,1018,330
2024-08-20 00:00:00,20.2,13,26.5,3.3,0,,8.6,24.1,1012.8,684
2024-08-21 00:00:00,17.8,13.4,20.7,0,0,,16.9,49,1013.7,594
2024-08-22 00:00:00,18.6,13.5,23.1,0,0,,13.3,40.3,1012.2,492
2024-08-23 00:00:00,21.6,17.2,27.6,0,0,,16.6,52.6,1008.4,360
2024-08-24 00:00:00,24.4,17.3,30.9,0.7,0,,12.6,77,1008.8,660
2024-08-25 00:00:00,18.1,12.6,21.5,0,0,,15.1,45,1018,558
2024-08-26 00:00:00,17,11.4,23.5,0,0,,7.9,27.4,1022.7,726
2024-08-27 00:00:00,18.4,9.7,26.5,0,0,,7.6,31.7,1022.9,780
2024-08-28 00:00:00,21.1,11.1,30.1,0,0,,9.7,29.6,1018.3,756
2024-08-29 00:00:00,24.8,16.9,32.4,3.8,0,,8.6,36,1016,600
2024-08-30 00:00:00,18.1,16,21.2,2.2,0,,9.7,31.3,1022,90
2024-08-31 00:00:00,18,15.5,22.1,0,0,,12.2,33.8,1024.8,438
2024-09-01 00:00:00,19.9,14.4,26.1,0,0,,14.4,34.9,1019.7,756
2024-09-02 00:00:00,20.8,14,27.5,0,0,,10.8,30.2,1014.4,684
2024-09-03 00:00:00,22.1,15.1,29.2,0.1,0,,5,20.5,1014.1,504
2024-09-04 00:00:00,22.4,17.8,29,2.6,0,,7.2,30.2,1013.9,432
2024-09-05 00:00:00,24.2,17.9,32,0,0,,15.8,47.9,1012.5,750
2024-09-06 00:00:00,22.8,17.4,29.9,0,0,,14.8,38.2,1012.9,624
2024-09-07 00:00:00,22.3,14,30.1,0,0,,6.5,27,1012.2,690
2024-09-08 00:00:00,21.2,14.7,28.2,31.7,0,,8.3,39.6,1008.3,444
2024-09-09 00:00:00,18,15.9,21.5,0.8,0,,10.8,29.2,1003.3,192
2024-09-10 00:00:00,15.8,12.4,18.8,3.8,0,,16.6,48.6,1008,234
2024-09-11 00:00:00,12,7.4,16,2.3,0,,15.8,55.4,1004.3,324
2024-09-12 00:00:00,10,6.5,14.7,0,0,,9,29.2,1012.7,510
2024-09-13 00:00:00,10.7,5.4,16.3,0,0,,13,45.7,1021,168
2024-09-14 00:00:00,11.4,6.6,16.7,0,0,,16.6,49,1027.2,660
2024-09-15 00:00:00,12,6.6,18.1,0,0,,11.9,40,1025.3,576
2024-09-16 00:00:00,13,9.6,17,0.2,0,,9.7,30.2,1023.8,0
2024-09-17 00:00:00,16,12.5,21.2,0,0,,9.7,26.3,1027.9,300
2024-09-18 00:00:00,16.4,13.4,21.2,0,0,,11.5,24.5,1029.3,300
2024-09-19 00:00:00,16.9,12.1,21.5,0,0,,12.2,27.4,1026.4,342
2024-09-20 00:00:00,16.6,11.1,23.1,0,0,,13,40,1024.8,684
2024-09-21 00:00:00,16.1,8.8,24,0,0,,9,31.7,1021.8,684
2024-09-22 00:00:00,16,8.2,25,0,0,,4.3,18,1015.9,672
2024-09-23 00:00:00,16.6,9.6,22.8,0.7,0,,5,18.4,1009.1,222
2024-09-24 00:00:00,15.4,13.5,19,3.1,0,,10.1,38.5,1004,54
2024-09-25 00:00:00,14.4,11.4,17.5,7.4,0,,10.4,44.3,1004.1,102
2024-09-26 00:00:00,15.7,13.9,18.3,6.9,0,,14,41.8,993.4,12
2024-09-27 00:00:00,14.4,11.5,17.3,3,0,,23,61.6,996.9,552
2024-09-28 00:00:00,10.7,6.3,14.1,0,0,,16.6,52.6,1015.8,462
2024-09-29 00:00:00,9.3,5.3,14.5,0,0,,7.2,22.3,1027.3,468
2024-09-30 00:00:00,11.3,7.6,15.4,10.3,0,,19.4,49,1017.6,348
2024-10-01 00:00:00,12.2,10.4,15.3,13.9,0,,10.1,29.9,1008.6,54
2024-10-02 00:00:00,10.1,8.6,12,0.1,0,,13,35.3,1011.2,0
2024-10-03 00:00:00,10.4,8.7,12.5,0,0,,11.2,28.1,1017.9,6
2024-10-04 00:00:00,10,5.5,14.3,0,0,,8.6,28.8,1020.7,396
2024-10-05 00:00:00,8.7,3.8,13,0,0,,4.3,15.5,1020,84
2024-10-06 00:00:00,10.3,6.8,13.7,0,0,,11.5,33.5,1011.8,450
2024-10-07 00:00:00,12.7,7.2,18.7,1,0,,11.2,31.3,1004.8,180
2024-10-08 00:00:00,15.4,13,19.6,5.8,0,,10.1,28.8,1001.1,12
2024-10-09 00:00:00,14.6,11.9,16.9,10.8,0,,11.5,40.3,993.5,12
2024-10-10 00:00:00,13.2,7.7,17.3,2.4,0,,18,58.3,993.8,42
2024-10-11 00:00:00,8.7,4.9,13,0,0,,10.4,35.6,1015,528
2024-10-12 00:00:00,8.9,4,13,3.3,0,,13.7,34.6,1014.3,282
2024-10-13 00:00:00,9.8,7.6,12.4,0.9,0,,21.2,61.9,1010.2,132
2024-10-14 00:00:00,8.3,3.4,12.6,0,0,,6.8,25.2,1019,102
2024-10-15 00:00:00,7.3,1.1,12.6,0,0,,9,46.1,1023.7,504
2024-10-16 00:00:00,10.7,5.2,14.9,0,0,,24.1,52.6,1018.3,552
2024-10-17 00:00:00,13.1,9,19.8,0,0,,10.8,33.5,1014.7,300
2024-10-18 00:00:00,12.7,10,17.9,0.1,0,,6.5,21.6,1015.1,288
2024-10-19 00:00:00,14.3,10.2,17.7,0,0,,9.4,32.4,1016.2,48
2024-10-20 00:00:00,15,9.1,19.5,0.3,0,,9.4,36,1020.4,360
2024-10-21 00:00:00,14.9,12.7,17.3,3.7,0,,9.7,34.2,1022.8,0
2024-10-22 00:00:00,12.5,8.3,15.5,0.1,0,,12.2,49,1026.6,198
2024-10-23 00:00:00,10,5.5,15.8,0,0,,6.8,19.1,1034.9,492
2024-10-24 00:00:00,10.3,3.6,15.3,0,0,,10.8,33.8,1028.2,534
2024-10-25 00:00:00,12.8,6.5,19.6,0,0,,7.9,26.6,1020.4,528
2024-10-26 00:00:00,14.1,7.9,20.5,0,0,,9,25.2,1019.2,516
2024-10-27 00:00:00,11.6,7.2,15,0,0,,10.4,32.8,1020.1,42
2024-10-28 00:00:00,12.5,7,15.9,0.1,0,,9.4,29.2,1023.5,6
2024-10-29 00:00:00,13.2,11.6,14.6,0.1,0,,9,26.6,1024.3,6
2024-10-30 00:00:00,12.8,9.6,14.8,0.1,0,,8.3,23.4,1026.8,6
2024-10-31 00:00:00,11,8.1,13.8,0,0,,9,30.2,1026.9,0
2024-11-01 00:00:00,10.5,8.6,11.5,0.7,0,,14.8,38.5,1023,0
2024-11-02 00:00:00,7,0.9,11.1,0,0,,8.6,34.6,1031.3,384
2024-11-03 00:00:00,3.8,-1.3,9.8,0,0,,4.7,18.7,1031.3,492
2024-11-04 00:00:00,6.5,1.1,9.2,0,0,,8.3,25.9,1030.5,0
2024-11-05 00:00:00,7.2,6.2,7.8,0,0,,9,25.6,1026.7,0
2024-11-06 00:00:00,6.1,5.1,6.6,0.3,0,,5.4,17.3,1030.9,0
2024-11-07 00:00:00,4.8,3.9,5.3,0,0,,7.6,24.1,1034.6,0
2024-11-08 00:00:00,4.8,3.3,6.1,0,0,,12.6,25.6,1031.2,0
2024-11-09 00:00:00,5.5,4,6.2,0,0,,9,21.6,1027.7,0
2024-11-10 00:00:00,4.4,3.6,5.6,0,0,,5,13.3,1028.6,0
2024-11-11 00:00:00,7.3,5.6,8.8,6.2,0,,6.8,20.2,1026.8,0
2024-11-12 00:00:00,6.6,5.8,7.5,0,0,,8.6,25.6,1032.3,0
2024-11-13 00:00:00,6.6,6.1,7.2,5.6,0,,8.3,22.3,1030,0
2024-11-14 00:00:00,8.7,6.8,9.7,0.8,0,,14,33.1,1024.4,0
2024-11-15 00:00:00,8.6,7.5,9.8,0,0,,11.2,29.9,1025.3,0
2024-11-16 00:00:00,7.3,6.8,8,2.8,0,,14.8,35.3,1017.2,0
2024-11-17 00:00:00,5.9,3.8,8.2,3.8,0,,17.6,47.9,1007.3,108
2024-11-18 00:00:00,4.2,1.5,6.5,2.3,0,,16.6,46.8,1007.5,252
2024-11-19 00:00:00,2.8,0.2,6.8,22.9,0,,13.7,42.1,993.8,0
2024-11-20 00:00:00,2.4,1.5,3.6,1.9,0,,16.9,47.2,996.6,0
2024-11-21 00:00:00,2.2,0.7,3.8,0.2,0,,17.6,47.2,996.1,198
2024-11-22 00:00:00,1.6,-0.7,3.7,1.2,0,,16.2,44.3,999.4,0
2024-11-23 00:00:00,3.3,-0.3,6.4,4.9,0,,16.9,54.4,1015.5,294
2024-11-24 00:00:00,11.9,4.6,16.4,0,0,,24.5,58,1009.1,0
2024-11-25 00:00:00,15.3,9.4,17.2,1,0,,20.5,53.6,1006.8,30
2024-11-26 00:00:00,8.9,6.4,11.4,0.3,0,,11.7,27.8,1016,198
2024-11-27 00:00:00,7.7,3.7,11.5,5,0,,13.3,70.6,1016,60
2024-11-28 00:00:00,6.4,5.2,8.7,0.8,0,,29.9,83.2,1016.8,0
2024-11-29 00:00:00,3.7,-1.6,6.5,0,0,,6.5,22,1033.4,30
2024-11-30 00:00:00,0.7,-3.1,5,0,0,,8.6,21.6,1030.9,414
2024-12-01 00:00:00,0.7,-4,6,0,0,,5.8,35.6,1023.1,414
2024-12-02 00:00:00,6.1,2.9,8.5,0.3,0,,16.9,38.9,1014.4,12
2024-12-03 00:00:00,5.8,4.1,6.9,1.9,0,,12.6,36.4,1015.1,0
2024-12-04 00:00:00,4.2,2,5,1.1,0,,11.5,31,1023.4,0
2024-12-05 00:00:00,2.9,-0.5,5.7,9.6,0,,13,44.6,1018.7,120
2024-12-06 00:00:00,6.7,4.7,8,3.3,0,,16.9,47.2,1002.7,0
2024-12-07 00:00:00,5.1,3.7,7,9.3,0,,11.5,34.6,1002.9,0
2024-12-08 00:00:00,3.7,0.2,5.2,1,0,,11.9,38.9,1010.8,84
2024-12-09 00:00:00,4.4,3.5,5.1,4.4,0,,16.6,42.1,1024.8,0
2024-12-10 00:00:00,3.9,3,4.9,0.6,0,,14.8,30.6,1030.6,0
2024-12-11 00:00:00,2.5,1.8,3,0,0,,6.1,16.9,1031.3,0
2024-12-12 00:00:00,2.5,1.9,3.2,0.1,0,,5.8,22,1031.9,0
2024-12-13 00:00:00,0.4,-1.7,2.4,0,0,,14,37.8,1029.6,0
2024-12-14 00:00:00,1.7,-0.2,4,0.7,0,,16.6,41,1017.6,0
2024-12-15 00:00:00,6,4,9.5,0.4,0,,20.9,52.6,1021.1,0
2024-12-16 00:00:00,9.7,8.2,10.4,1.5,0,,24.8,54.4,1024.4,6
2024-12-17 00:00:00,8.7,7,9.3,0,0,,16.9,47.5,1025.2,0
2024-12-18 00:00:00,9.3,6.5,12.1,0,0,,18,54.4,1012.7,54
2024-12-19 00:00:00,9.7,4.8,13.3,3.8,0,,21.6,54.7,998.5,54
2024-12-20 00:00:00,4.7,3.1,6,0,0,,19.8,45.7,1014.2,186
2024-12-21 00:00:00,5.5,3.3,7.4,3.6,0,,20.2,45,1010.5,0
2024-12-22 00:00:00,5,2.3,7.9,1.4,0,,16.6,42.1,997.1,12
2024-12-23 00:00:00,3.9,2,5.9,0.5,0,,18.7,54,1008.5,54
2024-12-24 00:00:00,3.7,0.5,5.5,0,0,,10.8,27.4,1025.6,192
2024-12-25 00:00:00,6.1,5,7.4,0.2,0,,11.2,25.6,1034.1,0
2024-12-26 00:00:00,5.6,3.5,6.3,0.2,0,,6.5,15.8,1037.6,0
2024-12-27 00:00:00,1.6,-0.9,3.6,0,0,,6.1,14,1035.2,0
2024-12-28 00:00:00,-1,-2.5,1.8,0,0,,3.2,18.7,1030.2,186
2024-12-29 00:00:00,0.5,-2.1,1.6,0,0,,13.7,31,1027.9,0
2024-12-30 00:00:00,2.3,0.8,3.6,0,0,,18.4,38.9,1027.2,0
2024-12-31 00:00:00,1.4,0.4,2.5,0,0,,18.4,50,1024,78
2025-01-01 00:00:00,4.8,2,7.2,4.8,0,,26.6,59,1010.2,0
2025-01-02 00:00:00,3.9,1.4,6.6,0.1,0,,16.9,47.2,1009.5,312
2025-01-03 00:00:00,1.4,-0.6,3.2,1.1,0,,20.5,67.3,1013.6,18
2025-01-04 00:00:00,-0.1,-2.1,1.4,0,10,,10.4,23.8,1018,42
2025-01-05 00:00:00,0.6,-2.1,8.6,14.4,10,,15.8,47.2,1001.5,0
2025-01-06 00:00:00,10.5,6.8,14.5,1.9,0,,24.8,74.9,988.7,132
2025-01-07 00:00:00,3.9,1.5,7.3,2.4,0,,17.3,47.5,997.7,66
2025-01-08 00:00:00,2.4,-0.2,4.2,2,0,,15.5,51.5,1001.7,294
2025-01-09 00:00:00,0.5,0.1,1.5,10.6,0,,11.9,40.3,1000.4,0
2025-01-10 00:00:00,1.3,0.1,2.3,2,50,,18.7,44.3,1013.3,24
2025-01-11 00:00:00,0.1,-1.4,1.7,0,0,,18.7,39.6,1022.5,144
2025-01-12 00:00:00,-1,-4.1,0.6,0,0,,10.8,25.6,1036,84
2025-01-13 00:00:00,-2.6,-4.3,-0.3,0,0,,7.6,24.8,1042.1,180
2025-01-14 00:00:00,0.1,-3.4,2.7,0.6,0,,15.5,32,1032.8,12
2025-01-15 00:00:00,3.7,2.3,5,0.1,0,,9.7,27,1032.1,0
2025-01-16 00:00:00,2,-0.2,3.8,0,0,,9,24.5,1037.6,0
2025-01-17 00:00:00,-1.1,-3,0.1,0,0,,5.4,16.2,1038.3,0
2025-01-18 00:00:00,-2.2,-4.1,-0.4,0,0,,6.1,15.8,1033.5,54
2025-01-19 00:00:00,-1.6,-3.6,0,0,0,,6.5,17.6,1024.5,120
2025-01-20 00:00:00,-2.2,-3.7,-1.3,0,0,,7.9,22.7,1019.6,0
2025-01-21 00:00:00,-1.9,-3.5,-0.4,0,0,,6.8,18.4,1018.1,66
2025-01-22 00:00:00,0.3,-3.8,5.1,2.8,0,,9.7,26.6,1009,210
2025-01-23 00:00:00,4.3,2.9,5.6,2.1,0,,15.5,43.9,1003.2,6
2025-01-24 00:00:00,6.6,3.5,8.7,1,0,,17.6,49,1005.7,0
2025-01-25 00:00:00,8.6,3.7,13.3,12.4,0,,13.3,53.6,1005,30
2025-01-26 00:00:00,3.9,2.6,5.3,3.5,0,,9,28.4,1005.6,0
2025-01-27 00:00:00,9,4,12.6,0.1,0,,15.5,55.8,995,72
2025-01-28 00:00:00,7.5,4.9,9.6,0,0,,10.1,31.3,996.2,48
2025-01-29 00:00:00,7.2,4.3,8.6,1.6,0,,16.2,51.1,1001.9,42
2025-01-30 00:00:00,5.4,3.4,7.3,7.1,0,,8.6,29.5,1014.3,0
2025-01-31 00:00:00,2.8,-0.4,5.8,0,0,,12.2,33.1,1026.8,48
2025-02-01 00:00:00,0.7,-1.3,3.7,0,0,,5.4,15.1,1032.9,36
2025-02-02 00:00:00,-1,-3.7,3.8,0,0,,4.3,15.1,1027.8,288
2025-02-03 00:00:00,-0.1,-3.9,4.7,0,0,,7.2,18,1028,486
2025-02-04 00:00:00,-0.4,-2.4,1.9,0,0,,12.2,24.8,1028.8,486
2025-02-05 00:00:00,1.4,-1.5,3.4,0,0,,12.2,32.8,1036.4,0
2025-02-06 00:00:00,2.8,1,4.3,0.2,0,,7.9,32.8,1041.9,0
2025-02-07 00:00:00,2.2,1.2,3,0,0,,20.5,43.2,1034.3,0
2025-02-08 00:00:00,2.2,-0.8,5.4,0,0,,14.8,39.6,1027.3,456
2025-02-09 00:00:00,0.2,-3.5,3,0,0,,11.2,24.1,1030.8,312
2025-02-10 00:00:00,0.1,-1.7,2.5,0,0,,15.5,41.4,1029.9,42
2025-02-11 00:00:00,0.2,-1.3,2.4,1,0,,19.1,43.9,1025.1,6
2025-02-12 00:00:00,-0.8,-2.7,0.8,1.5,0,,15.1,32.8,1020.4,24
2025-02-13 00:00:00,-2.2,-3.7,0.1,1.6,10,,11.2,24.1,1019.5,0
2025-02-14 00:00:00,0.3,-0.5,1.6,0,30,,8.6,23,1026.5,0
2025-02-15 00:00:00,-0.7,-3.5,1.4,0,10,,4,14,1025.7,144
2025-02-16 00:00:00,-1.5,-4.5,0,0,0,,8.3,27.4,1024.9,18
2025-02-17 00:00:00,-4,-7.7,0.5,0,0,,6.8,26.3,1027.5,516
2025-02-18 00:00:00,-4.8,-10.1,0.5,0,0,,7.6,28.8,1030.6,492
2025-02-19 00:00:00,-1.8,-6.2,2.6,0,0,,19.1,46.4,1029.3,534
2025-02-20 00:00:00,0.8,-4.6,6.1,0.5,0,,12.2,26.3,1024.7,372
2025-02-21 00:00:00,8.5,4.5,13.8,0,0,,11.2,26.3,1022.2,336
2025-02-22 00:00:00,9.7,4.5,14.7,0,0,,12.6,29.5,1017.6,108
2025-02-23 00:00:00,9.6,4,13.4,0,0,,11.2,34.2,1026.5,294
2025-02-24 00:00:00,10,4.4,13.5,1.5,0,,13,37.4,1019.9,30
2025-02-25 00:00:00,9.3,6.1,12.7,5.5,0,,7.9,22,1014.3,426
2025-02-26 00:00:00,6.5,2.4,8.4,6,0,,9,26.6,1014.4,0
2025-02-27 00:00:00,4.7,1.9,9,1.7,0,,9.7,28.4,1016,114
2025-02-28 00:00:00,3.2,-0.3,6.1,1,0,,8.3,25.2,1023.1,18
2025-03-01 00:00:00,3.9,0.3,8,0,0,,8.3,21.6,1031.9,216
2025-03-02 00:00:00,2.8,-0.8,8.4,0,0,,8.6,25.6,1034.2,342
2025-03-03 00:00:00,3.3,-1.7,9.7,0,0,,8.3,23,1029.6,594
2025-03-04 00:00:00,4.5,-1.9,11.6,0,0,,8.6,24.8,1026.3,576
2025-03-05 00:00:00,7.9,-0.2,15.8,0,0,,10.4,29.5,1023.5,606
2025-03-06 00:00:00,9.6,1.7,17.3,0,0,,9.7,23.8,1019.8,624
2025-03-07 00:00:00,9.9,2.4,17.7,0,0,,5.4,21.2,1018.8,504
2025-03-08 00:00:00,8.8,-1.1,17.2,0,0,,7.9,30.2,1015.7,612
2025-03-09 00:00:00,7.6,-0.1,15.6,0,0,,3.6,13.3,1007.5,612
2025-03-10 00:00:00,6.8,0,14.7,0,0,,6.8,20.5,1001.6,612
2025-03-11 00:00:00,4.5,0.3,9.9,0,0,,9,27.7,1001.3,312
2025-03-12 00:00:00,4.6,0.3,7.4,0,0,,8.3,25.9,999.9,66
2025-03-13 00:00:00,3.1,-2.1,8.5,0,0,,8.3,28.4,999.2,324
2025-03-14 00:00:00,3.2,-1.3,8.3,0,0,,7.9,28.4,1008.1,312
2025-03-15 00:00:00,2.7,-1.3,7.8,0,0,,10.8,30.2,1019.3,198
2025-03-16 00:00:00,3.2,-3.3,9,0,0,,9.4,36,1021.4,642
2025-03-17 00:00:00,3.4,-2.6,7.3,0,0,,13.7,32.8,1029.9,648
2025-03-18 00:00:00,2.6,-5.6,9.5,0,0,,5.4,20.2,1031.4,666
2025-03-19 00:00:00,6.3,-3.3,15,0,0,,7.9,24.1,1026.8,666
2025-03-20 00:00:00,10.1,0.3,17.9,0,0,,6.8,24.5,1023,684
2025-03-21 00:00:00,12.2,2.3,19.1,0,0,,15.5,40.7,1018.6,684
2025-03-22 00:00:00,11.6,5.8,17.1,0,0,,23.8,62.6,1010.9,606
2025-03-23 00:00:00,10,4.7,14.5,0,0,,10.4,28.4,1006.6,336
2025-03-24 00:00:00,10,2,15.9,0,0,,5,18.7,1012.6,342
2025-03-25 00:00:00,7.3,5.5,9.2,1.9,0,,12.2,31,1018.5,66
2025-03-26 00:00:00,7.7,5.8,11.5,0.3,0,,15.8,36.4,1021.2,234
2025-03-27 00:00:00,7.6,3.6,13.2,0,0,,7.2,23,1021.5,420
2025-03-28 00:00:00,10.2,2.8,17.7,0,0,,7.2,28.1,1012.4,714
2025-03-29 00:00:00,8.8,3.9,14.2,0,0,,15.5,36,1015.5,372
2025-03-30 00:00:00,7.4,3.4,12,4.8,0,,21.2,60.5,1012.1,168
2025-03-31 00:00:00,7,2,11.3,0,0,,15.8,39.2,1022.9,138
2025-04-01 00:00:00,7.3,-0.3,14.1,0,0,,9.7,40,1029,582
2025-04-02 00:00:00,9.5,1.2,16.3,0,0,,15.8,44.3,1027.5,738
2025-04-03 00:00:00,10.8,0.6,18.6,0,0,,9.7,34.9,1026.4,738
2025-04-04 00:00:00,12.9,2.3,21.6,0,0,,5,29.5,1020.9,744
2025-04-05 00:00:00,7.7,2.2,13.1,0,0,,15.1,41,1020.5,678
2025-04-06 00:00:00,4,-2.6,9.2,0,0,,9.4,31.7,1027.4,726
2025-04-07 00:00:00,6.4,-1.8,13.5,0,0,,7.2,28.8,1026.7,756
2025-04-08 00:00:00,7.3,-0.7,14.5,0,0,,4.7,18.7,1027.3,444
2025-04-09 00:00:00,8,2.9,13.1,0,0,,13.3,36.7,1023.9,636
2025-04-10 00:00:00,8.6,6.1,12,0,0,,14.4,33.8,1025.1,444
2025-04-11 00:00:00,10.7,5.1,16.7,0,0,,18.7,49.7,1018.7,318
2025-04-12 00:00:00,13.6,8.6,20.2,0,0,,8.6,27.7,1013.3,654
2025-04-13 00:00:00,14.8,10.4,19.7,0.2,0,,15.5,49,1005.1,252
2025-04-14 00:00:00,15.1,9.8,20.7,0,0,,9,32.8,1009,708
2025-04-15 00:00:00,15.8,9.7,21.5,0.9,0,,17.6,51.5,1002,624
2025-04-16 00:00:00,16.4,9.6,23.6,0,0,,10.4,53.3,1006.8,642
2025-04-17 00:00:00,9.3,8.3,10.9,1.2,0,,15.1,30.6,1008.6,0
2025-04-18 00:00:00,8.4,7.6,9.7,4,0,,12.6,29.5,1011.4,0
2025-04-19 00:00:00,8.3,6.2,11.5,0.3,0,,7.2,19.4,1009.9,102
2025-04-20 00:00:00,12.3,2.2,19.3,0.7,0,,5.8,28.4,1006.8,786
2025-04-21 00:00:00,13.8,9.5,19.5,10.8,0,,9,26.6,1010.5,660
2025-04-22 00:00:00,12.1,8.5,17.3,3,0,,8.3,32.8,1016.6,108
2025-04-23 00:00:00,13.3,7.3,18.4,0.6,0,,9.4,30.6,1016,198
2025-04-24 00:00:00,12.1,8.6,15,0,0,,14,34.2,1016.3,0
2025-04-25 00:00:00,9.9,5.6,14.4,0,0,,9.7,25.2,1021,336
2025-04-26 00:00:00,10.8,2.6,17.1,0,0,,11.5,34.2,1024.6,744
2025-04-27 00:00:00,10.9,3.7,17.5,0,0,,10.8,34.2,1026.6,840
2025-04-28 00:00:00,13.2,2.7,21.1,0,0,,4.7,20.2,1026.5,810
2025-04-29 00:00:00,14.9,6.9,21.6,0,0,,7.6,28.8,1025.9,840
2025-04-30 00:00:00,16,7.6,23.3,0,0,,4.3,19.8,1023.7,840
2025-05-01 00:00:00,18.3,8.1,25.3,0,0,,9.7,31.3,1019.5,852
2025-05-02 00:00:00,18.3,11.4,26.8,1.9,0,,11.9,63.7,1013.6,474
2025-05-03 00:00:00,12.3,7.9,15.7,0,0,,8.3,43.6,1009.8,240
2025-05-04 00:00:00,9.4,4.7,13.5,0,0,,16.9,44.6,1011.2,132
2025-05-05 00:00:00,8.5,3.4,14,0,0,,9,32.4,1017.5,216
2025-05-06 00:00:00,9.4,1.1,13.9,0,0,,10.1,38.2,1019,456
2025-05-07 00:00:00,10.5,3.5,16.4,0,0,,9.7,35.6,1020.1,456
2025-05-08 00:00:00,9.7,2.2,15.6,0,0,,7.6,31.7,1019.8,528
2025-05-09 00:00:00,11.7,1.9,19.1,0,0,,5,21.2,1021.2,846
2025-05-10 00:00:00,14.2,7.5,20.2,0,0,,9,29.2,1021,858
2025-05-11 00:00:00,14.7,8.1,20.8,0,0,,12.2,33.5,1017.9,876
2025-05-12 00:00:00,13.2,6.5,18.8,0,0,,13.3,32.4,1017.7,894
2025-05-13 00:00:00,13.4,4.5,20.5,0,0,,8.3,36,1019.9,894
2025-05-14 00:00:00,14.5,5.9,21.2,0,0,,14.8,45,1015.7,786
2025-05-15 00:00:00,12.5,7.1,18.4,0,0,,15.5,44.6,1017.6,672
2025-05-16 00:00:00,11.6,5.6,18.8,0.1,0,,13.3,46.1,1017.5,516
2025-05-17 00:00:00,11.7,4.7,18.2,3.5,0,,13,43.2,1014.9,498
2025-05-18 00:00:00,12.6,9.4,17.1,0.7,0,,14.4,46.8,1014.9,198
2025-05-19 00:00:00,13.8,9.3,18.4,0,0,,8.6,29.2,1019,156
2025-05-20 00:00:00,16.7,9.1,23.2,0,0,,6.5,25.9,1016.5,774
2025-05-21 00:00:00,14.4,9.1,20.5,0,0,,17.6,52.6,1011.3,780
2025-05-22 00:00:00,9.5,4.8,15,1.8,0,,17.6,65.2,1011.5,552
2025-05-23 00:00:00,9.2,4.4,14.9,1.9,0,,15.8,42.5,1014.2,498
2025-05-24 00:00:00,12.5,6.2,19.1,3.2,0,,15.8,48.2,1015,534
2025-05-25 00:00:00,14.1,10.2,19.1,5.1,0,,14.4,41.4,1009.8,138
2025-05-26 00:00:00,15,10,19.9,0,0,,12.2,40.3,1015.2,522
2025-05-27 00:00:00,15.5,10.6,19.6,7,0,,12.6,41,1015.6,120
2025-05-28 00:00:00,15.2,10.1,18.6,1.6,0,,16.2,58,1012.2,204
2025-05-29 00:00:00,13.3,8.4,17.7,2.3,0,,11.5,31.3,1020.6,366
2025-05-30 00:00:00,19.4,14.7,24,0,0,,14.8,41.8,1018.4,654
2025-05-31 00:00:00,20.4,13.4,25.9,0,0,,5.8,28.1,1017.3,696
2025-06-01 00:00:00,18.9,15.6,24.6,7.5,0,,11.5,36.7,1012.8,252
2025-06-02 00:00:00,16.4,11.4,21.7,0,0,,10.8,37.1,1014.9,642
2025-06-03 00:00:00,17.7,9.2,23.7,0,0,,10.8,38.5,1012.8,828
2025-06-04 00:00:00,18.9,13.9,22.8,7.6,0,,11.2,34.9,1007.7,288
2025-06-05 00:00:00,16.3,13.5,20.3,2.2,0,,10.1,48.6,1009.6,228
2025-06-06 00:00:00,17.2,12.2,21,1.7,0,,17.3,53.3,1007.8,444
2025-06-07 00:00:00,15.4,12.1,19.9,5.3,0,,10.4,41.4,1008.6,258
2025-06-08 00:00:00,13.1,10.4,15.5,7.1,0,,18.4,61.9,1009.7,126
2025-06-09 00:00:00,13.2,8.2,18.3,0,0,,13,38.9,1021.4,282
2025-06-10 00:00:00,14.2,10.7,16.3,1.9,0,,14,45.4,1015.1,18
2025-06-11 00:00:00,15,10.4,20.1,0,0,,12.2,32,1021.3,642
2025-06-12 00:00:00,17.3,7.7,23.4,0,0,,11.9,35.6,1022.4,954
2025-06-13 00:00:00,20.7,13.1,26.8,0,0,,16.9,42.8,1023.3,948
2025-06-14 00:00:00,23.7,16.5,29.9,0,0,,16.9,40,1018.8,864
2025-06-15 00:00:00,19.7,15.3,23.8,0,0,,12.6,35.6,1018.9,294
2025-06-16 00:00:00,17.2,12.8,21.7,0,0,,11.9,33.8,1025.2,252
2025-06-17 00:00:00,19.6,11.7,26.7,0,0,,7.2,26.6,1024.9,852
2025-06-18 00:00:00,21,15.1,26.9,0,0,,11.2,30.2,1022,666
2025-06-19 00:00:00,16.6,10.2,22.3,0,0,,14,40.7,1025.2,702
2025-06-20 00:00:00,16.1,8.4,23.7,0,0,,6.1,28.8,1026.6,930
2025-06-21 00:00:00,20.8,9.2,29.6,0,0,,5.8,20.5,1022.6,954
2025-06-22 00:00:00,25.2,13.6,32.7,0.7,0,,11.5,43.2,1014.7,774
2025-06-23 00:00:00,19.2,13.4,24.1,2.6,0,,18.7,65.5,1009.6,486
2025-06-24 00:00:00,17.8,13.5,22.8,0,0,,18.7,51.5,1011.2,102
2025-06-25 00:00:00,20.9,15.1,26,0,0,,14.4,45.7,1011.4,438
2025-06-26 00:00:00,20.4,14.7,28.8,21.6,0,,12.2,68.8,1012.1,342
2025-06-27 00:00:00,17.6,15,19.7,1.4,0,,14,47.5,1020.3,36
2025-06-28 00:00:00,21.6,14.6,27.1,0,0,,15.1,42.1,1022.4,480
2025-06-29 00:00:00,22.3,13.6,27.2,0,0,,14.8,38.5,1022.3,738
2025-06-30 00:00:00,19.2,10.5,26.4,0,0,,6.5,23.8,1022.1,954
2025-07-01 00:00:00,24,11.9,33.2,0,0,,5.4,20.2,1017.3,954
2025-07-02 00:00:00,28,16.2,37.1,0,0,,8.6,59.8,1014,888
2025-07-03 00:00:00,19.3,13,23.4,0,0,,15.8,41.8,1022.5,636
2025-07-04 00:00:00,18,11.7,24,0,0,,7.6,45.7,1025.5,672
2025-07-05 00:00:00,19.9,12.5,26.2,1,0,,13,49,1015.4,420
2025-07-06 00:00:00,18.6,14.6,23.8,1.8,0,,13.7,43.9,1007.3,120
2025-07-07 00:00:00,16.1,12.7,20.6,9.7,0,,8.6,32.8,1003.3,168
2025-07-08 00:00:00,15.6,11.5,20.6,0.1,0,,14.4,40,1010.8,330
2025-07-09 00:00:00,17.4,14.1,23.3,0,0,,13,37.1,1017.9,258
2025-07-10 00:00:00,18.3,13.3,24.7,0,0,,10.8,37.4,1020.3,528
2025-07-11 00:00:00,19.3,13.8,25.1,0.2,0,,11.9,36.7,1017.1,498
2025-07-12 00:00:00,16.7,15.4,18.8,10.5,0,,10.1,28.8,1011.4,0
2025-07-13 00:00:00,18.8,15.7,24.3,0,0,,8.3,31,1010.3,384
2025-07-14 00:00:00,21.3,13.5,26.8,0.2,0,,8.6,31,1012.9,468
2025-07-15 00:00:00,17.5,13,22.6,2.8,0,,10.4,55.4,1016.3,210
2025-07-16 00:00:00,16.2,13.2,20.4,9.4,0,,9.7,32,1012.7,192
2025-07-17 00:00:00,16,12.8,18.4,10.6,0,,13.7,39.6,1014.4,0
2025-07-18 00:00:00,19.7,16.3,24.2,0.4,0,,7.9,23.8,1014.1,396
2025-07-19 00:00:00,21.8,14.2,28.1,0,0,,7.9,30.2,1010.3,708
2025-07-20 00:00:00,23.4,18.5,29.3,5.7,0,,6.5,60.8,1005.5,474
2025-07-21 00:00:00,18.4,15,20,1.9,0,,6.8,20.9,1005.8,12
2025-07-22 00:00:00,17.4,14.1,22.1,9.9,0,,15.5,51.5,1006.9,222
2025-07-23 00:00:00,19,16.6,22.8,3.7,0,,17.6,50.4,1009.3,198
2025-07-24 00:00:00,19.4,15.3,24.9,0,0,,9,33.1,1012.6,600
2025-07-25 00:00:00,18.7,15.7,23.7,0.7,0,,10.1,31,1015.3,180
2025-07-26 00:00:00,19.2,13.9,24.8,0,0,,6.1,26.6,1015.4,426
2025-07-27 00:00:00,17,13.6,21.3,41.4,0,,7.2,38.5,1011.8,60
2025-07-28 00:00:00,17.7,14.7,22.3,0.1,0,,12.6,36.7,1013,336
2025-07-29 00:00:00,16.7,13.3,21,2,0,,13.7,50.8,1014.9,420
2025-07-30 00:00:00,16,11.5,20.3,0.6,0,,11.5,44.6,1014.3,402
2025-07-31 00:00:00,17.2,14.4,20.5,2,0,,14,47.5,1012,138
2025-08-01 00:00:00,16.7,15,20.6,10,0,,11.2,37.1,1009.2,204
2025-08-02 00:00:00,17.2,14.3,21.6,0.1,0,,13.3,36,1011,474
2025-08-03 00:00:00,15.5,14,17.6,7.9,0,,11.9,33.1,1015.7,12
2025-08-04 00:00:00,19.4,14.7,24.3,2.4,0,,14,38.2,1014.8,366
2025-08-05 00:00:00,17.5,12.5,21.9,0,0,,14.4,43.9,1016.2,288
2025-08-06 00:00:00,16.1,11.4,21.2,0,0,,13,37.1,1022.5,564
2025-08-07 00:00:00,19.2,12.2,26.1,0,0,,8.6,31,1018,462
2025-08-08 00:00:00,20.7,15.4,25,0,0,,10.8,37.4,1017.5,408
2025-08-09 00:00:00,20.6,11.8,28,0,0,,6.5,36.7,1019.7,792
2025-08-10 00:00:00,18.7,12.3,24.9,0,0,,10.4,31.3,1026.1,630
2025-08-11 00:00:00,18.9,9.4,27.3,0,0,,4,17.3,1024.8,852
2025-08-12 00:00:00,21.8,11.4,30.3,0,0,,8.6,32.4,1018.5,690
2025-08-13 00:00:00,23.1,12.8,33.1,0,0,,3.6,15.1,1015.6,810
2025-08-14 00:00:00,26.3,16.4,35.5,0,0,,4.7,19.1,1017.5,708
2025-08-15 00:00:00,23.6,18,28.8,0,0,,10.4,30.2,1020.5,744
2025-08-16 00:00:00,18.6,12.8,23.6,0,0,,12.6,33.1,1022.1,402
2025-08-17 00:00:00,15.9,11,23.2,0,0,,8.3,29.5,1020.6,414
2025-08-18 00:00:00,17.8,8.6,25.4,0,0,,4.7,22,1020.6,828
2025-08-19 00:00:00,19.9,10,28,0,0,,5,20.5,1014.5,828
2025-08-20 00:00:00,18,12.9,24.4,0,0,,9.4,29.9,1011.6,450
2025-08-21 00:00:00,16.9,11.5,23.1,0,0,,10.8,38.9,1011.7,576
2025-08-22 00:00:00,15,12,18.2,0.1,0,,13.3,43.2,1016.1,66
2025-08-23 00:00:00,13.8,10.3,17.6,0.7,0,,13.7,47.9,1016.9,306
2025-08-24 00:00:00,13.5,8.4,19.7,0,0,,10.4,34.9,1020,246
2025-08-25 00:00:00,15.2,9.3,21.8,0,0,,11.2,33.8,1018.1,672
2025-08-26 00:00:00,18.5,9.8,26,0,0,,6.1,23,1012.6,582
2025-08-27 00:00:00,21.9,16.1,28.2,3,0,,8.6,30.6,1008.2,402
2025-08-28 00:00:00,19.2,15.3,23.6,0,0,,6.5,24.5,1004.8,0
2025-08-29 00:00:00,17.7,13.3,21.9,0.2,0,,8.3,24.1,1003.4,318
2025-08-30 00:00:00,18.4,13.7,23.6,0,0,,11.9,35.6,1007.4,504
2025-08-31 00:00:00,20.2,12.5,26.1,0,0,,10.1,40,1010.6,534
2025-09-01 00:00:00,18.5,14.5,25.2,0.6,0,,9.4,39.6,1008.4,336
2025-09-02 00:00:00,18.5,13.8,24.2,0,0,,9.4,28.1,1009.3,438
2025-09-03 00:00:00,19.6,12.2,24.8,0,0,,14.8,43.2,1009.4,612
2025-09-04 00:00:00,22.2,17.6,26.8,19.4,0,,11.2,33.1,1011.3,474
2025-09-05 00:00:00,17.2,12.6,21.7,0,0,,11.5,36.7,1018.2,396
2025-09-06 00:00:00,16,9.7,23,0,0,,5.4,17.6,1024.2,678
2025-09-07 00:00:00,17.5,10.7,23.8,0,0,,11.9,35.3,1020.7,702
2025-09-08 00:00:00,17.8,11,24,0,0,,9.7,32.8,1017.1,612
2025-09-09 00:00:00,17.1,9.3,22.6,0,0,,7.2,25.9,1014.5,324
2025-09-10 00:00:00,16,11.8,19.1,0.3,0,,6.5,16.6,1010.1,54
2025-09-11 00:00:00,14.9,10.7,19.6,4.8,0,,11.2,46.4,1006.7,204
2025-09-12 00:00:00,14.3,10.1,19.1,1.9,0,,13.3,52.9,1014.8,450
2025-09-13 00:00:00,14.7,9.2,19.2,1.2,0,,11.5,41,1015.9,306
2025-09-14 00:00:00,15,12.2,19.2,6.3,0,,11.9,40.7,1013.4,450
2025-09-15 00:00:00,17.2,11.8,21.3,5.2,0,,20.2,58.3,1007.2,516
2025-09-16 00:00:00,15,12.2,18.4,1.9,0,,24.8,63.4,1012.2,138
2025-09-17 00:00:00,14.7,11.8,17.6,0.5,0,,15.8,41,1018.9,126
2025-09-18 00:00:00,17.2,14.1,20.1,0.6,0,,16.6,42.5,1020,0
2025-09-19 00:00:00,19.9,14.5,25.6,0,0,,10.8,31,1022.3,432
2025-09-20 00:00:00,22.2,14.5,30.6,0,0,,9.4,32.4,1014.3,564
2025-09-21 00:00:00,18.2,11.5,22.4,2.1,0,,14,44.3,1012.7,132
2025-09-22 00:00:00,11.4,5.8,16,0,0,,8.3,27.7,1021,192
2025-09-23 00:00:00,10.5,4.4,17,0,0,,8.3,26.6,1024.9,534
2025-09-24 00:00:00,11.1,4.5,16.9,0,0,,19.1,50,1026.6,690
2025-09-25 00:00:00,11.4,8,15,0,0,,24.1,57.2,1025.4,96
2025-09-26 00:00:00,12.2,10.3,16,3.2,0,,14.8,34.6,1024.7,186
2025-09-27 00:00:00,13.2,10.7,15.3,0,0,,7.6,26.3,1023.1,0
2025-09-28 00:00:00,14.2,9.1,19.9,0,0,,5.4,25.9,1023.1,372
2025-09-29 00:00:00,12.1,6.2,17.5,0,0,,9.4,32,1023,660
2025-09-30 00:00:00,10.3,4.2,16.3,0,0,,8.6,29.2,1026.2,354
2025-10-01 00:00:00,8.3,1.9,13.6,0,0,,8.3,31,1031.9,228
2025-10-02 00:00:00,8.8,1.7,15.7,0,0,,6.5,20.9,1030.2,576
2025-10-03 00:00:00,10.7,5.6,17.2,16.6,0,,12.6,31.3,1021.5,522
2025-10-04 00:00:00,11.1,8.8,13.6,3.5,0,,18.7,55.1,999.9,54
2025-10-05 00:00:00,11.3,9.8,13.8,1.9,0,,23,53.3,1006.5,114
2025-10-06 00:00:00,12,9.9,13.8,1.5,0,,16.2,45,1018.3,0
2025-10-07 00:00:00,14.1,12.5,15.9,0.9,0,,9,22.7,1023.6,18
2025-10-08 00:00:00,13.9,12.7,15.3,0.7,0,,8.3,24.8,1021.2,0
2025-10-09 00:00:00,12.8,10.8,14.4,0,0,,10.1,27.7,1023.9,42
2025-10-10 00:00:00,13.7,12.3,15.3,0,0,,14.4,36.7,1029.3,12
2025-10-11 00:00:00,13.6,12.6,14.8,0,0,,12.6,32.8,1031.6,0
2025-10-12 00:00:00,13,11.5,14.3,0.3,0,,11.2,31,1028.3,0
2025-10-13 00:00:00,12.1,8.4,16.3,0,0,,5.8,14.8,1027.1,300
2025-10-14 00:00:00,11.2,8.4,13.7,1.8,0,,8.6,23.8,1024.9,0
2025-10-15 00:00:00,11.5,10.7,13,1.9,0,,6.8,19.1,1025.5,0
2025-10-16 00:00:00,11.2,9.8,13.5,4.1,0,,10.1,24.1,1022.5,54
2025-10-17 00:00:00,10.6,7.4,13,1.7,0,,11.2,29.2,1022.1,84
2025-10-18 00:00:00,6,1.3,10.8,0,0,,5,16.2,1027.6,564
2025-10-19 00:00:00,5.8,0.7,10.8,0,0,,14,46.4,1017.9,342
2025-10-20 00:00:00,9.5,3.9,14.5,5.3,0,,11.9,28.1,1003.4,0
2025-10-21 00:00:00,12.9,10.5,15.9,0.4,0,,13.7,48.2,996.6,162
2025-10-22 00:00:00,12.7,9,15.4,0.8,0,,9.7,29.5,998.6,102
2025-10-23 00:00:00,13.2,11.2,17.1,0.9,0,,18.4,54,986.2,102
2025-10-24 00:00:00,9.9,8.2,11.4,0,0,,24.5,60.5,996.2,66
2025-10-25 00:00:00,9.5,7.7,11.4,0.2,0,,19.1,51.5,996.4,78
2025-10-26 00:00:00,7.3,3.8,10,8.5,0,,25.9,67,997.5,6
2025-10-27 00:00:00,7.7,5.4,10.3,2.5,0,,20.9,49.3,996,126
2025-10-28 00:00:00,9,6.8,11.5,4.9,0,,18,42.1,1003.5,0
2025-10-29 00:00:00,10.7,7.5,14.5,5.8,0,,11.9,32.8,1005,192
2025-10-30 00:00:00,10.6,5.8,13.6,0.9,0,,17.6,57.6,1005.2,240
2025-10-31 00:00:00,8.3,4.4,13.2,0,0,,9.7,28.4,1014.2,138
2025-11-01 00:00:00,11.6,5.1,17.6,1.5,0,,10.8,38.9,1010.6,36
2025-11-02 00:00:00,10.5,9,13.3,1,0,,8.6,32,1011.2,18
2025-11-03 00:00:00,10.1,7.3,12.6,0,0,,15.1,38.2,1017.5,366
2025-11-04 00:00:00,11.8,8.3,14.8,0,0,,12.2,29.9,1020.5,42
2025-11-05 00:00:00,10.6,2.9,16.9,0,0,,8.3,33.1,1018,468
2025-11-06 00:00:00,6.6,1.2,12.7,0,0,,7.6,23.4,1012.7,510
2025-11-07 00:00:00,5.9,1.1,10.5,0,0,,6.5,15.8,1011.7,258
2025-11-08 00:00:00,6.3,4.9,7.4,0.1,0,,5.4,15.5,1014,0
2025-11-09 00:00:00,8.9,7,10.3,0.9,0,,7.2,21.2,1015.8,0
2025-11-10 00:00:00,7.1,3.8,9.9,0.8,0,,7.9,20.9,1015.1,192
2025-11-11 00:00:00,8.4,4.3,12.1,0,0,,9.4,31.3,1013.7,36
2025-11-12 00:00:00,9.8,5.1,14.3,0,0,,11.2,28.1,1013.2,162
2025-11-13 00:00:00,13,9.1,16.1,0.4,0,,12.6,39.6,1010.4,186
2025-11-14 00:00:00,10.2,7.4,12.3,5.1,0,,9.4,32.4,1009.2,0
2025-11-15 00:00:00,6.5,5.4,7.5,9.2,0,,19.1,42.5,1012.6,0
2025-11-16 00:00:00,6.1,2.9,7.3,4,0,,8.6,22,1006.8,0
2025-11-17 00:00:00,3.5,0.8,5.7,0.3,0,,13.3,40.7,1010,30
2025-11-18 00:00:00,3.3,0.8,6.2,5.8,0,,15.1,39.6,1015.1,48
2025-11-19 00:00:00,3,1.5,4.9,7.6,0,,10.8,36.7,1005,168
2025-11-20 00:00:00,1.2,-1.8,2.9,0.5,0,,11.2,32.8,1007,0
2025-11-21 00:00:00,-1.7,-4.6,1.8,0,0,,7.6,18,1022.8,450
2025-11-22 00:00:00,-1.2,-3.7,2.1,0,0,,10.8,27,1025.7,408
2025-11-23 00:00:00,-0.6,-5.1,4,1,0,,10.8,41.8,1011.5,396
2025-11-24 00:00:00,2.8,0.4,4.6,0.3,0,,11.9,33.8,997.3,30
2025-11-25 00:00:00,2.9,0.4,4.7,0,0,,6.5,19.1,1005,0
2025-11-26 00:00:00,2.1,-0.5,4.5,0,0,,7.9,21.6,1018.8,180
2025-11-27 00:00:00,2.9,-1.5,5.4,0.3,0,,14,41.4,1019.8,126
2025-11-28 00:00:00,6.3,5.3,7.4,1.2,0,,16.6,37.1,1015.3,0
2025-11-29 00:00:00,7.3,5.9,9.3,0,0,,9.7,25.9,1011.2,30
2025-11-30 00:00:00,8.3,4.1,10.7,0,0,,11.9,29.9,1010.4,0
2025-12-01 00:00:00,4.7,1.6,7.2,0,0,,11.2,32,1016.6,370
2025-12-02 00:00:00,5.6,0.9,8.1,0,0,,8.6,33.5,1012.6,158
2025-12-03 00:00:00,6.4,4.9,8.4,0,0,,5.4,20.9,1012.9,0
2025-12-04 00:00:00,3.4,-0.9,5.7,0,0,,6.1,16.6,1010,34
2025-12-05 00:00:00,1.9,-0.9,4.2,0,0,,4.7,15.5,1011.5,142
2025-12-06 00:00:00,4.9,1.1,8.3,4.3,0,,11.9,35.6,1007.6,1
2025-12-07 00:00:00,8.9,7.9,10.8,7.2,0,,11.9,29.2,1007.8,38
2025-12-08 00:00:00,12,9.4,13.4,3.6,0,,12.6,36,1011.1,48
2025-12-09 00:00:00,11.9,11,12.7,1.5,0,,10.1,28.1,1013.5,0
2025-12-10 00:00:00,11.4,10.4,12.3,0,0,,12.6,30.6,1016.7,0
2025-12-11 00:00:00,8.5,3.7,10.9,0,0,,13,33.5,1022.5,141
2025-12-12 00:00:00,4.8,0.8,8,0,0,,7.9,30.6,1023.4,287
2025-12-13 00:00:00,7,2.6,9.2,0,0,,10.4,29.9,1026.6,0
2025-12-14 00:00:00,4.3,0.9,6.8,0,0,,10.1,33.8,1024.7,215
2025-12-15 00:00:00,5.1,1.4,8.2,0,0,,10.1,31.7,1017.1,409
2025-12-16 00:00:00,4.7,-0.1,9.2,0,0,,7.2,22,1015.7,351
2025-12-17 00:00:00,4.5,0.9,6.8,0,0,,12.6,28.1,1017.6,281
2025-12-18 00:00:00,8.7,5.6,11.2,0,0,,12.6,39.2,1018.5,133
2025-12-19 00:00:00,10.7,6.2,11.9,0.2,0,,12.2,38.5,1017.3,0
2025-12-20 00:00:00,6,2,8.3,0,0,,6.8,36.4,1019,0
2025-12-21 00:00:00,7.1,6.3,7.9,0,0,,14.8,34.9,1016.4,107
2025-12-22 00:00:00,4.7,2.3,6.6,0,0,,19.8,37.8,1016.5,0
2025-12-23 00:00:00,1.6,-0.7,2.6,0,0,,23.4,49.3,1023.8,0
2025-12-24 00:00:00,-2.1,-6.7,0,0,0,,16.9,45,1034.6,260
2025-12-25 00:00:00,-7,-8.4,-4.9,0,0,,14,31.3,1036.3,302
2025-12-26 00:00:00,-5.7,-9.3,-1.1,0,0,,5.4,14.4,1035,378
2025-12-27 00:00:00,-1.7,-7.1,3.3,0,0,,8.6,27,1032.4,0
2025-12-28 00:00:00,-0.8,-2.9,2,0,0,,8.6,23.4,1031.3,0
2025-12-29 00:00:00,2.4,-1.5,4.3,0.1,0,,15.5,33.8,1021.9,0
2025-12-30 00:00:00,-0.8,-3.1,1.3,0.1,0,,11.9,28.1,1025.7,415
2025-12-31 00:00:00,2,-2.7,4.4,2.6,0,,18.4,47.9,1018,0
2026-01-01 00:00:00,2.7,1.8,3.2,0,0,,29.2,67,1000,0
2026-01-02 00:00:00,1.2,-0.3,2.5,1,0,,27,58.3,992,0
2026-01-03 00:00:00,0.1,-1.7,1.4,5.9,10,,21.6,53.3,998.1,0
2026-01-04 00:00:00,-0.2,-2.4,1,1.9,110,,14.4,42.1,1005.8,0
2026-01-05 00:00:00,-1.3,-3.7,0.6,1.7,100,,12.6,29.2,1011.3,259
2026-01-06 00:00:00,-3.3,-5.8,-1.5,0,120,,10.8,23.8,1014.7,3
2026-01-07 00:00:00,-2.8,-5.2,-0.9,2.4,100,,12.6,45,1011.3,393
2026-01-08 00:00:00,-0.6,-2.9,1.9,1.2,130,,9.7,33.8,1006.5,0
2026-01-09 00:00:00,-2.5,-5.2,-0.2,9.5,90,,26.6,53.3,996,0
2026-01-10 00:00:00,-5.7,-10,-3.4,0,150,,15.5,45.7,1011.9,73
2026-01-11 00:00:00,-9.3,-11.6,-7.7,0,150,,6.8,20.9,1025.1,108
2026-01-12 00:00:00,-1.7,-8.1,2.9,1.8,140,,8.6,20.9,1013,0
2026-01-13 00:00:00,4.4,1.7,7.6,0.3,100,,9,24.8,1010.9,49
2026-01-14 00:00:00,4.6,-0.5,7.3,4,30,,10.1,30.2,1012.4,86
2026-01-15 00:00:00,6.1,2.2,10.6,0,0,,11.2,33.8,1013.1,86
2026-01-16 00:00:00,8.1,4.5,12.3,0,0,,12.2,28.8,1015.1,159
2026-01-17 00:00:00,2.5,-0.6,4.8,0,0,,10.1,28.1,1022.1,273
2026-01-18 00:00:00,2.7,-0.7,4.7,0,0,,17.3,38.2,1023.7,342
2026-01-19 00:00:00,1.2,-2.1,3.7,0,0,,13.7,31,1021.7,459
2026-01-20 00:00:00,-0.7,-4.6,3.6,0,0,,6.1,18.4,1019.5,456
2026-01-21 00:00:00,-1.1,-5.1,4.8,0,0,,6.1,14,1008.2,452
2026-01-22 00:00:00,-3.6,-6.2,-0.5,0,0,,12.2,33.8,1002,453
2026-01-23 00:00:00,-4.1,-6.1,-1.8,0,0,,17.3,45.7,1002.8,254
2026-01-24 00:00:00,-3,-4.4,-1.6,0,0,,15.8,37.1,1006.6,0
2026-01-25 00:00:00,-1.7,-2.4,-1.2,7.8,0,,15.5,33.5,1002.8,0
2026-01-26 00:00:00,-1.5,-2.6,-0.1,0.6,60,,9.7,23.4,998.6,0
2026-01-27 00:00:00,-0.9,-2.3,0.4,0,70,,11.5,37.1,1001.6,0
2026-01-28 00:00:00,-1.5,-2.6,-0.3,0,60,,20.5,45.7,999.4,0
2026-01-29 00:00:00,-1.4,-2.6,-0.8,2.1,50,,15.8,35.6,1002.8,0
2026-01-30 00:00:00,-1.8,-3,-0.4,0,70,,15.8,41.8,1003.4,0
2026-01-31 00:00:00,-1.2,-3.6,-0.3,0,50,,18.7,42.8,1008.1,0
2026-02-01 00:00:00,-4.4,-5.4,-3.4,0,50,,15.1,28.8,1012.6,0
2026-02-02 00:00:00,-6,-7.5,-5.1,0,40,,20.9,37.8,1010.1,0
2026-02-03 00:00:00,-5.8,-7.4,-4.2,0.4,30,,23.8,45.4,1007.7,0
2026-02-04 00:00:00,-4.5,-5.3,-3.1,0.3,30,,17.6,38.5,1004.6,0
2026-02-05 00:00:00,-3.3,-5,-0.8,0,30,,15.8,36.7,996.9,0
2026-02-06 00:00:00,0.3,-0.9,1.1,0.1,20,,7.6,17.6,995.2,0
2026-02-07 00:00:00,1.4,0.4,2.6,0.8,10,,6.1,13.7,1004.8,0
2026-02-08 00:00:00,0.7,0.1,1.2,0,0,,10.8,22.7,1011.8,0
2026-02-09 00:00:00,0.8,0.1,2.1,0,0,,13.3,31,1009.9,0
2026-02-10 00:00:00,2.7,-0.6,5.5,0.5,0,,10.8,27,997.7,131
2026-02-11 00:00:00,5.4,2.8,8,7.1,0,,6.1,16.6,984.5,0
2026-02-12 00:00:00,6.2,3.9,8,10.3,0,,10.4,33.1,979.8,0
2026-02-13 00:00:00,1.1,-0.2,3.8,2.7,0,,11.9,23.4,992.9,0
2026-02-14 00:00:00,-0.4,-1.9,0.6,0.1,0,,12.2,23.8,1010.1,0
2026-02-15 00:00:00,-1.7,-5,1.2,0.2,0,,14,50,1014.9,546
2026-02-16 00:00:00,-1.7,-3.3,0.3,3.4,0,,18,46.4,996.3,0
2026-02-17 00:00:00,1.9,-0.5,5.3,3.7,0,,8.6,42.5,1003.4,31
2026-02-18 00:00:00,-0.7,-2.5,1.8,0.6,0,,13.7,40,1013.3,0
2026-02-19 00:00:00,-2.2,-3.7,1,0,0,,19.4,44.6,1012.3,212
2026-02-20 00:00:00,-0.4,-5.6,3.9,2.5,0,,14.4,34.9,1020.7,391
2026-02-21 00:00:00,7.1,3.3,9.7,4.3,0,,16.9,42.1,1015.8,3
2026-02-22 00:00:00,10.1,7.8,11.7,9.9,0,,16.2,40.3,1013.4,0
2026-02-23 00:00:00,8.4,6.4,10.6,5.2,0,,18.4,53.3,1011.4,113
2026-02-24 00:00:00,7,4.4,10.2,0,0,,9,22.7,1018.9,189
2026-02-25 00:00:00,9.7,4.6,15.9,0,0,,9.4,22,1022,574
2026-02-26 00:00:00,9.9,3.7,14.2,0,0,,13,38.5,1020.1,526
2026-02-27 00:00:00,13.4,9.3,19,0,0,,13,44.6,1016.7,539
2026-02-28 00:00:00,12.6,8,16.4,0,0,,14,51.1,1017.1,365
2026-03-01 00:00:00,7.7,2.5,12.8,0,0,,10.8,37.8,1023.5,515
2026-03-02 00:00:00,9.1,3.7,15.6,0,0,,8.3,26.6,1023.6,610
2026-03-03 00:00:00,9.1,2.6,16.2,0,0,,6.1,19.8,1026,610
2026-03-04 00:00:00,6.4,1,11.7,0,0,,6.8,20.5,1028.6,483
2026-03-05 00:00:00,9.1,1.3,15.7,0,0,,11.2,31.3,1024.3,628
2026-03-06 00:00:00,9.2,0.6,17.1,0,0,,7.2,19.8,1023.1,627
2026-03-07 00:00:00,9,0.8,17.6,0,0,,4,14,1025.2,552
2026-03-08 00:00:00,10.1,2.9,16.7,0,0,,10.8,35.3,1025.5,501
2026-03-09 00:00:00,9.8,2.8,17.4,0,0,,6.1,17.6,1020.6,618
2026-03-10 00:00:00,10.5,3.3,18,0.1,0,,7.2,52.2,1016.9,519
2026-03-11 00:00:00,11,7.8,14.8,2.4,0,,15.1,47.2,1013.5,158
2026-03-12 00:00:00,8.8,3.7,13.5,0,0,,14.4,38.2,1018.7,553
2026-03-13 00:00:00,9.6,6,13.9,9.6,0,,17.6,49.3,1006.2,248
2026-03-14 00:00:00,4.8,3.2,6.2,0.5,0,,9,26.6,1001.9,0
2026-03-15 00:00:00,5.4,1.9,8.7,0.1,0,,7.9,19.8,1013.9,52
2026-03-16 00:00:00,4.6,1.2,7.6,2.8,0,,15.1,49,1013.4,134
2026-03-17 00:00:00,5.8,0.3,10.7,0,0,,9.4,22.7,1022.9,26
2026-03-18 00:00:00,7.2,-0.4,13.4,0,0,,11.5,35.3,1028.7,681
2026-03-19 00:00:00,7.5,-0.5,14.8,0,0,,4,16.9,1026.3,665
2026-03-20 00:00:00,8.1,3.4,13.5,0,0,,7.2,22.7,1021.3,593
2026-03-21 00:00:00,6.3,2.8,10.1,0.1,0,,9.4,22.3,1020,37
2026-03-22 00:00:00,7.3,-0.4,14.2,0,0,,10.1,29.9,1018.7,683
2026-03-23 00:00:00,8.1,-0.6,15.4,0,0,,4.7,22.7,1018.6,582
2026-03-24 00:00:00,10.8,4.6,15.7,0,0,,14,36.7,1015,89
2026-03-25 00:00:00,7.8,3.4,12.4,6.9,0,,19.4,69.8,1000.2,99
2026-03-26 00:00:00,3.8,1.3,6.8,0.4,0,,17.8,57,1011.7,426
2026-03-27 00:00:00,4,0.2,7.8,0,,,9.6,24.1,1021.1,389
2026-03-28 00:00:00,4.4,2.9,5.5,5,,,11,24.1,1018.3,17
